
        
create database power_saver_hq;
use power_saver_hq;
CREATE TABLE UserDetails(
	ID INT PRIMARY KEY AUTO_INCREMENT,
	FirstName VARCHAR(255) NOT NULL,
	LastName VARCHAR(255) NOT NULL,
	Email VARCHAR(255) NULL,
	Password VARCHAR(255) NOT NULL,
	AccountNumber VARCHAR(255) NOT NULL
);

ALTER TABLE UserDetails
    ADD CONSTRAINT UserDetail_Email UNIQUE(Email);
    
    
    
    
CREATE TABLE UserAddress(
	ID INT PRIMARY KEY AUTO_INCREMENT,
    UserID INT NOT NULL,
    FOREIGN KEY (UserID) REFERENCES UserDetails(ID),
    AddressLine1 VARCHAR(255) NOT NULL,
    AddressLine2 VARCHAR(255) NOT NULL,
    City VARCHAR(255) NOT NULL,
    State VARCHAR(255) NOT NULL,
    ZipCode INT NOT NULL,
    ApartmentNumber INT NULL
);

CREATE TABLE BillHistory(
	ID INT PRIMARY KEY AUTO_INCREMENT,
    AddressID INT NOT NULL,
    FOREIGN KEY (AddressID) REFERENCES UserAddress(ID),
    FromDate DATETIME NOT NULL,
    ToDate DATETIME NOT NULL,
    ElectricityAmount FLOAT NOT NULL,
    GasAmount FLOAT NOT NULL
);

CREATE TABLE HomeAppliances(
	ID INT PRIMARY KEY AUTO_INCREMENT,
    ApplianceName VARCHAR(255) NOT NULL,
    ApplianceRating FLOAT NOT NULL,
    ApplianceConsumption FLOAT NOT NULL
);


    CREATE TABLE AddressApplianceMapping (
		ID INT PRIMARY KEY AUTO_INCREMENT,
		AddressID INT NOT NULL,
		ApplianceID INT NOT NULL,
		FOREIGN KEY (AddressID) REFERENCES UserAddress(ID),
		FOREIGN KEY (ApplianceID) REFERENCES HomeAppliances(ID),
		Count INT NOT NULL,
        NoOfHours INT NOT NULL,
        NoOfDays INT NOT NULL);
        
        
        
CREATE TABLE NotificationPreferences(
	ID INT PRIMARY KEY AUTO_INCREMENT,
    AddressID INT NOT NULL,
    FOREIGN KEY (AddressID) REFERENCES UserAddress(ID),
    EmailNotification BOOL NOT NULL,
    PhoneNotification BOOL NOT NULL,
    ServicePhoneCalls BOOL NOT NULL
);




CREATE TABLE PaymentMethods(
	ID INT PRIMARY KEY AUTO_INCREMENT,
    Name VARCHAR(255) NOT NULL
);

CREATE TABLE BankAccountTypes(
	ID INT PRIMARY KEY AUTO_INCREMENT,
    Name VARCHAR(255) NOT NULL
);


CREATE TABLE BillPaymentPreferences(
	ID INT PRIMARY KEY AUTO_INCREMENT,
    BankAccTypeID INT NOT NULL,
    UserID INT NOT NULL,
    PaymentMethodPreferred INT NOT NULL,
    FOREIGN KEY (PaymentMethodPreferred) REFERENCES PaymentMethods(ID),
    FOREIGN KEY (UserID) REFERENCES UserDetails(ID),
    CardNumber LONG NOT NULL,
    CardExpiry DATETIME NOT NULL,
    CardCVV INT NOT NULL,
    BankAccNo LONG NOT NULL,
    BankAccUserName VARCHAR(255) NOT NULL,
    BankAccRoutingNo LONG NOT NULL,
    FOREIGN KEY (BankAccTypeID) REFERENCES BankAccountTypes(ID)
    );
    
    insert into UserDetails (ID, FirstName, LastName, Email, Password, AccountNumber) values (1, 'Johnette', 'Aidler', 'jaidler0@sourceforge.net', 'KrhDls', '70-059-7838');
insert into UserDetails (ID, FirstName, LastName, Email, Password, AccountNumber) values (2, 'Arleen', 'Newband', 'anewband1@mit.edu', 'JY9CcyCN', '00-619-9052');
insert into UserDetails (ID, FirstName, LastName, Email, Password, AccountNumber) values (3, 'Kelsey', 'Vinton', 'kvinton2@dell.com', 'VoxuBoqVfhY', '17-909-0788');
insert into UserDetails (ID, FirstName, LastName, Email, Password, AccountNumber) values (4, 'Camellia', 'McGuffog', 'cmcguffog3@tuttocitta.it', 'wCzuklBGwf03', '70-991-5459');
insert into UserDetails (ID, FirstName, LastName, Email, Password, AccountNumber) values (5, 'Marleen', 'Bulfoy', 'mbulfoy4@twitpic.com', 'qjO1qyeAFs1V', '85-441-7549');
insert into UserDetails (ID, FirstName, LastName, Email, Password, AccountNumber) values (6, 'Evvy', 'Statter', 'estatter5@goo.gl', 'zD0VTOzf4y4F', '29-197-6924');
insert into UserDetails (ID, FirstName, LastName, Email, Password, AccountNumber) values (7, 'Jeralee', 'Pudan', 'jpudan6@sfgate.com', 'v83NQtPY', '61-835-6369');
insert into UserDetails (ID, FirstName, LastName, Email, Password, AccountNumber) values (8, 'Whitney', 'Langfield', 'wlangfield7@meetup.com', 'WK6k2MaUw', '27-269-8066');
insert into UserDetails (ID, FirstName, LastName, Email, Password, AccountNumber) values (9, 'Abbye', 'Luchelli', 'aluchelli8@google.co.uk', 'BzVlQe', '15-565-4294');
insert into UserDetails (ID, FirstName, LastName, Email, Password, AccountNumber) values (10, 'Auberon', 'Fortnam', 'afortnam9@bandcamp.com', 'rj3INHyKgt', '97-546-7611');
insert into UserDetails (ID, FirstName, LastName, Email, Password, AccountNumber) values (11, 'Kyrstin', 'Schustl', 'kschustla@sun.com', '3BTU7hH', '19-328-8703');
insert into UserDetails (ID, FirstName, LastName, Email, Password, AccountNumber) values (12, 'Alick', 'Lintin', 'alintinb@example.com', 'Ygl1tbP', '15-036-8282');
insert into UserDetails (ID, FirstName, LastName, Email, Password, AccountNumber) values (13, 'Chrissie', 'Lightbourn', 'clightbournc@pen.io', 'VvFUsiYGOp', '72-366-1845');
insert into UserDetails (ID, FirstName, LastName, Email, Password, AccountNumber) values (14, 'Thomas', 'Form', 'tformd@telegraph.co.uk', 'kuHuUXB', '88-396-1753');
insert into UserDetails (ID, FirstName, LastName, Email, Password, AccountNumber) values (15, 'Frederik', 'Wharfe', 'fwharfee@mediafire.com', 'DoOZYYzotLz', '11-070-1026');
insert into UserDetails (ID, FirstName, LastName, Email, Password, AccountNumber) values (16, 'Thom', 'Meggison', 'tmeggisonf@barnesandnoble.com', 'w2RULn', '41-581-8728');
insert into UserDetails (ID, FirstName, LastName, Email, Password, AccountNumber) values (17, 'Town', 'Heaker', 'theakerg@vimeo.com', 'SJOJS5wUwe', '83-500-6727');
insert into UserDetails (ID, FirstName, LastName, Email, Password, AccountNumber) values (18, 'Petronilla', 'Cornthwaite', 'pcornthwaiteh@pcworld.com', 'N5UonJ9dDV', '52-401-3632');
insert into UserDetails (ID, FirstName, LastName, Email, Password, AccountNumber) values (19, 'Caryn', 'Bris', 'cbrisi@ovh.net', 'C1kWefH0rveB', '15-596-4104');
insert into UserDetails (ID, FirstName, LastName, Email, Password, AccountNumber) values (20, 'Marni', 'Noli', 'mnolij@uiuc.edu', 'SN4XL4OY', '29-815-6311');
insert into UserDetails (ID, FirstName, LastName, Email, Password, AccountNumber) values (21, 'Keely', 'Ewart', 'kewartk@netscape.com', 'BrAq4AA', '15-211-6031');
insert into UserDetails (ID, FirstName, LastName, Email, Password, AccountNumber) values (22, 'Carma', 'Slade', 'csladel@newyorker.com', 'mldKaVUSR', '98-277-6175');
insert into UserDetails (ID, FirstName, LastName, Email, Password, AccountNumber) values (23, 'Jeffrey', 'Hinsche', 'jhinschem@livejournal.com', 'vTQq7S', '50-144-4811');
insert into UserDetails (ID, FirstName, LastName, Email, Password, AccountNumber) values (24, 'Jill', 'Reuble', 'jreublen@about.me', 'bAygRvOzn', '96-118-5683');
insert into UserDetails (ID, FirstName, LastName, Email, Password, AccountNumber) values (25, 'Arabella', 'Warlaw', 'awarlawo@cafepress.com', '04uZ2k0', '63-511-2122');
insert into UserDetails (ID, FirstName, LastName, Email, Password, AccountNumber) values (26, 'Alvie', 'Adnet', 'aadnetp@xrea.com', 'Oi1TvCo', '73-963-9751');
insert into UserDetails (ID, FirstName, LastName, Email, Password, AccountNumber) values (27, 'Ewan', 'Petrus', 'epetrusq@slashdot.org', 'Ex81HI', '18-077-2447');
insert into UserDetails (ID, FirstName, LastName, Email, Password, AccountNumber) values (28, 'Berkeley', 'Coldridge', 'bcoldridger@joomla.org', 'NlsRG2', '53-769-1151');
insert into UserDetails (ID, FirstName, LastName, Email, Password, AccountNumber) values (29, 'Editha', 'Taffee', 'etaffees@cocolog-nifty.com', 'fjXRcwM380Mh', '48-424-6728');
insert into UserDetails (ID, FirstName, LastName, Email, Password, AccountNumber) values (30, 'Maxi', 'Soan', 'msoant@hao123.com', 'WlqVMr', '89-728-0570');
insert into UserDetails (ID, FirstName, LastName, Email, Password, AccountNumber) values (31, 'Ali', 'Patington', 'apatingtonu@bbb.org', '0nI3X7', '48-174-8594');
insert into UserDetails (ID, FirstName, LastName, Email, Password, AccountNumber) values (32, 'Jameson', 'Trevaskiss', 'jtrevaskissv@blogspot.com', '2nfNLm3nTma', '20-262-2887');
insert into UserDetails (ID, FirstName, LastName, Email, Password, AccountNumber) values (33, 'Noah', 'Shorland', 'nshorlandw@google.de', 'BY1fvqsYLom', '60-447-4322');
insert into UserDetails (ID, FirstName, LastName, Email, Password, AccountNumber) values (34, 'Trescha', 'Allibone', 'tallibonex@npr.org', 'rEAy3Aa', '92-066-0183');
insert into UserDetails (ID, FirstName, LastName, Email, Password, AccountNumber) values (35, 'Jackson', 'Teall', 'jteally@discovery.com', '5e1s2jCyC5RF', '33-012-9082');
insert into UserDetails (ID, FirstName, LastName, Email, Password, AccountNumber) values (36, 'Roxanne', 'Antecki', 'ranteckiz@usatoday.com', 'IInw8G', '02-639-6362');
insert into UserDetails (ID, FirstName, LastName, Email, Password, AccountNumber) values (37, 'Malena', 'Wiggin', 'mwiggin10@businessweek.com', 'Ibj0o1p', '85-175-2512');
insert into UserDetails (ID, FirstName, LastName, Email, Password, AccountNumber) values (38, 'Everett', 'Biffen', 'ebiffen11@virginia.edu', 'vCKchgne', '71-095-3881');
insert into UserDetails (ID, FirstName, LastName, Email, Password, AccountNumber) values (39, 'Norina', 'Daal', 'ndaal12@jiathis.com', 'nkQbuSr', '08-781-8388');
insert into UserDetails (ID, FirstName, LastName, Email, Password, AccountNumber) values (40, 'Ethelin', 'Tee', 'etee13@hubpages.com', 'T0q7FwUEVnA', '57-086-9324');
insert into UserDetails (ID, FirstName, LastName, Email, Password, AccountNumber) values (41, 'Verina', 'Eve', 'veve14@wikimedia.org', 'egw1ebLVX52', '70-199-3398');
insert into UserDetails (ID, FirstName, LastName, Email, Password, AccountNumber) values (42, 'Shana', 'Pickavant', 'spickavant15@hp.com', 'aDdz1wY', '35-639-9582');
insert into UserDetails (ID, FirstName, LastName, Email, Password, AccountNumber) values (43, 'Timmi', 'Thomasson', 'tthomasson16@marketwatch.com', 'LFUuhny7yE', '98-968-2934');
insert into UserDetails (ID, FirstName, LastName, Email, Password, AccountNumber) values (44, 'Kala', 'Larmour', 'klarmour17@nih.gov', 'dXhDfkf6', '90-462-8718');
insert into UserDetails (ID, FirstName, LastName, Email, Password, AccountNumber) values (45, 'Ynes', 'Shrimptone', 'yshrimptone18@kickstarter.com', '9umQuBUti', '95-856-2568');
insert into UserDetails (ID, FirstName, LastName, Email, Password, AccountNumber) values (46, 'Vassily', 'Christofor', 'vchristofor19@imgur.com', 'CDTUxV49kg', '89-238-3182');
insert into UserDetails (ID, FirstName, LastName, Email, Password, AccountNumber) values (47, 'Iorgos', 'Suffield', 'isuffield1a@youtu.be', 'ldJQ1uYtfJT', '17-524-7854');
insert into UserDetails (ID, FirstName, LastName, Email, Password, AccountNumber) values (48, 'Hubie', 'Chicken', 'hchicken1b@arizona.edu', 'vV7hu6W0Oe', '56-817-1866');
insert into UserDetails (ID, FirstName, LastName, Email, Password, AccountNumber) values (49, 'Hanna', 'Ingre', 'hingre1c@wordpress.org', 'ax35QA1Lbin0', '58-931-1289');
insert into UserDetails (ID, FirstName, LastName, Email, Password, AccountNumber) values (50, 'Mannie', 'Gabbatiss', 'mgabbatiss1d@github.com', 'PUdcg2', '24-974-6316');
insert into UserDetails (ID, FirstName, LastName, Email, Password, AccountNumber) values (51, 'Agnella', 'Zellner', 'azellner1e@guardian.co.uk', 'cbqNovWem', '77-114-8059');
insert into UserDetails (ID, FirstName, LastName, Email, Password, AccountNumber) values (52, 'Brinn', 'Conford', 'bconford1f@ucoz.ru', 'h3wIDdrzcZU', '75-702-6859');
insert into UserDetails (ID, FirstName, LastName, Email, Password, AccountNumber) values (53, 'Lebbie', 'Succamore', 'lsuccamore1g@twitpic.com', 'XmRaj3MIzwfm', '02-146-5538');
insert into UserDetails (ID, FirstName, LastName, Email, Password, AccountNumber) values (54, 'Farand', 'Etheredge', 'fetheredge1h@toplist.cz', 's0iZvE', '62-336-9321');
insert into UserDetails (ID, FirstName, LastName, Email, Password, AccountNumber) values (55, 'Luisa', 'Britton', 'lbritton1i@cloudflare.com', 'XyxOweaOQg', '51-328-3721');
insert into UserDetails (ID, FirstName, LastName, Email, Password, AccountNumber) values (56, 'Ashly', 'Ghelardi', 'aghelardi1j@uol.com.br', '8uOflCPf8', '59-460-2248');
insert into UserDetails (ID, FirstName, LastName, Email, Password, AccountNumber) values (57, 'Ambrosi', 'Weare', 'aweare1k@domainmarket.com', 'dTkXKfyaWt', '87-220-4383');
insert into UserDetails (ID, FirstName, LastName, Email, Password, AccountNumber) values (58, 'Orland', 'Dowbakin', 'odowbakin1l@shareasale.com', '42ZgbWHQDF', '61-753-7823');
insert into UserDetails (ID, FirstName, LastName, Email, Password, AccountNumber) values (59, 'Niki', 'Hardy-Piggin', 'nhardypiggin1m@spotify.com', 'AVNnEaQKAW', '34-267-8327');
insert into UserDetails (ID, FirstName, LastName, Email, Password, AccountNumber) values (60, 'Gaston', 'Rowlinson', 'growlinson1n@discovery.com', 'pqjd2yfU', '24-382-2665');
insert into UserDetails (ID, FirstName, LastName, Email, Password, AccountNumber) values (61, 'Inger', 'Sandars', 'isandars1o@feedburner.com', 'XL4Kq9', '22-289-8969');
insert into UserDetails (ID, FirstName, LastName, Email, Password, AccountNumber) values (62, 'Jacquelin', 'Snar', 'jsnar1p@webs.com', 'hOFq0R', '96-405-4338');
insert into UserDetails (ID, FirstName, LastName, Email, Password, AccountNumber) values (63, 'Pembroke', 'Adriano', 'padriano1q@state.tx.us', 'jHhftSdpXfy', '51-290-1383');
insert into UserDetails (ID, FirstName, LastName, Email, Password, AccountNumber) values (64, 'Analise', 'Grint', 'agrint1r@mozilla.com', 'J8foNWwFg86', '00-112-9313');
insert into UserDetails (ID, FirstName, LastName, Email, Password, AccountNumber) values (65, 'Elaine', 'Faithorn', 'efaithorn1s@wix.com', 'C6DSCV0t', '92-006-5348');
insert into UserDetails (ID, FirstName, LastName, Email, Password, AccountNumber) values (66, 'Wendel', 'Greest', 'wgreest1t@alexa.com', 'WM7pLWshHO', '23-747-8194');
insert into UserDetails (ID, FirstName, LastName, Email, Password, AccountNumber) values (67, 'Ketti', 'Horsfield', 'khorsfield1u@symantec.com', 'GxayA7l5UQx', '55-774-9959');
insert into UserDetails (ID, FirstName, LastName, Email, Password, AccountNumber) values (68, 'Mollee', 'Birtonshaw', 'mbirtonshaw1v@newyorker.com', 'CYjPV3', '27-942-7935');
insert into UserDetails (ID, FirstName, LastName, Email, Password, AccountNumber) values (69, 'Ignaz', 'Dericot', 'idericot1w@auda.org.au', 'l7W8diesks1z', '97-240-2639');
insert into UserDetails (ID, FirstName, LastName, Email, Password, AccountNumber) values (70, 'Wally', 'Kunz', 'wkunz1x@symantec.com', 'wJ1j3l8', '13-109-1321');
insert into UserDetails (ID, FirstName, LastName, Email, Password, AccountNumber) values (71, 'Caldwell', 'Wareham', 'cwareham1y@51.la', 'QKjC3aT', '88-929-1528');
insert into UserDetails (ID, FirstName, LastName, Email, Password, AccountNumber) values (72, 'Melantha', 'Wansbury', 'mwansbury1z@alexa.com', '34603XKokKe', '08-329-0820');
insert into UserDetails (ID, FirstName, LastName, Email, Password, AccountNumber) values (73, 'Hillery', 'Manueli', 'hmanueli20@liveinternet.ru', '7tT94cjmzuf', '06-790-2220');
insert into UserDetails (ID, FirstName, LastName, Email, Password, AccountNumber) values (74, 'Tobey', 'Moxted', 'tmoxted21@tmall.com', 'mGoniWDKN2gu', '21-511-3196');
insert into UserDetails (ID, FirstName, LastName, Email, Password, AccountNumber) values (75, 'Sunshine', 'MacHarg', 'smacharg22@rakuten.co.jp', 'Qf9meT8Qp', '78-024-1489');
insert into UserDetails (ID, FirstName, LastName, Email, Password, AccountNumber) values (76, 'Paulie', 'Record', 'precord23@ebay.com', 'AsM5FQ6', '92-743-7289');
insert into UserDetails (ID, FirstName, LastName, Email, Password, AccountNumber) values (77, 'Kaia', 'Cornelleau', 'kcornelleau24@4shared.com', 'qhnIacPlhXGK', '20-256-7235');
insert into UserDetails (ID, FirstName, LastName, Email, Password, AccountNumber) values (78, 'Davin', 'Marty', 'dmarty25@businessweek.com', 'ssTZEhC', '06-502-8293');
insert into UserDetails (ID, FirstName, LastName, Email, Password, AccountNumber) values (79, 'Nydia', 'Portam', 'nportam26@livejournal.com', 'aPvbwO', '17-610-9254');
insert into UserDetails (ID, FirstName, LastName, Email, Password, AccountNumber) values (80, 'Rachel', 'Whal', 'rwhal27@exblog.jp', 'LzJJV66jwX', '40-690-5012');
insert into UserDetails (ID, FirstName, LastName, Email, Password, AccountNumber) values (81, 'Valerie', 'Iacovides', 'viacovides28@tiny.cc', 'qVOZrmoxiq', '97-665-1489');
insert into UserDetails (ID, FirstName, LastName, Email, Password, AccountNumber) values (82, 'Alexei', 'McLagain', 'amclagain29@cocolog-nifty.com', 'pEtvqdBCEe2', '14-629-1351');
insert into UserDetails (ID, FirstName, LastName, Email, Password, AccountNumber) values (83, 'Marguerite', 'Arkle', 'markle2a@wunderground.com', '0h9UW0W', '55-074-6553');
insert into UserDetails (ID, FirstName, LastName, Email, Password, AccountNumber) values (84, 'Lucita', 'Dies', 'ldies2b@nasa.gov', '08tjltbPg', '04-011-4671');
insert into UserDetails (ID, FirstName, LastName, Email, Password, AccountNumber) values (85, 'Breena', 'Pullman', 'bpullman2c@paypal.com', 'YCfYRti', '14-771-9070');
insert into UserDetails (ID, FirstName, LastName, Email, Password, AccountNumber) values (86, 'Monti', 'Iddy', 'middy2d@goo.gl', 'fhXSzZ', '59-574-3388');
insert into UserDetails (ID, FirstName, LastName, Email, Password, AccountNumber) values (87, 'Bil', 'Darinton', 'bdarinton2e@ifeng.com', '04F6vRpv', '88-590-3863');
insert into UserDetails (ID, FirstName, LastName, Email, Password, AccountNumber) values (88, 'Lari', 'Churn', 'lchurn2f@domainmarket.com', 'XXiqjSsCFyVr', '61-639-4634');
insert into UserDetails (ID, FirstName, LastName, Email, Password, AccountNumber) values (89, 'Fred', 'Lernihan', 'flernihan2g@facebook.com', 'UnLvVum', '46-578-7969');
insert into UserDetails (ID, FirstName, LastName, Email, Password, AccountNumber) values (90, 'Bren', 'Dibson', 'bdibson2h@deliciousdays.com', 'BxWpR4', '46-818-8792');
insert into UserDetails (ID, FirstName, LastName, Email, Password, AccountNumber) values (91, 'Paxton', 'Mintoff', 'pmintoff2i@imgur.com', '7OBnuRBmb', '83-611-1266');
insert into UserDetails (ID, FirstName, LastName, Email, Password, AccountNumber) values (92, 'Phillis', 'Tchir', 'ptchir2j@bing.com', 'UF5TDK', '22-537-2622');
insert into UserDetails (ID, FirstName, LastName, Email, Password, AccountNumber) values (93, 'Joseph', 'Caudrey', 'jcaudrey2k@mail.ru', 'gnyRUJFQKmX', '29-012-2732');
insert into UserDetails (ID, FirstName, LastName, Email, Password, AccountNumber) values (94, 'Jacobo', 'Ithell', 'jithell2l@ocn.ne.jp', 'iltgQra', '77-444-0006');
insert into UserDetails (ID, FirstName, LastName, Email, Password, AccountNumber) values (95, 'Clevie', 'Oxlee', 'coxlee2m@amazon.de', 'Iwno6P6ahe', '58-458-2216');
insert into UserDetails (ID, FirstName, LastName, Email, Password, AccountNumber) values (96, 'Nichole', 'Lardiner', 'nlardiner2n@newsvine.com', 'c6TNe4', '50-160-5948');
insert into UserDetails (ID, FirstName, LastName, Email, Password, AccountNumber) values (97, 'Berkeley', 'Andri', 'bandri2o@gizmodo.com', 'a5Te8LE', '33-603-7119');
insert into UserDetails (ID, FirstName, LastName, Email, Password, AccountNumber) values (98, 'Courtnay', 'Oswald', 'coswald2p@nature.com', 'EMJAbq', '22-530-1711');
insert into UserDetails (ID, FirstName, LastName, Email, Password, AccountNumber) values (99, 'Alana', 'Woodwing', 'awoodwing2q@fastcompany.com', 'NkbBhDizik8', '44-676-7552');
insert into UserDetails (ID, FirstName, LastName, Email, Password, AccountNumber) values (100, 'Claudie', 'Lorman', 'clorman2r@sun.com', 'vOOBXvj', '68-048-4435');
insert into UserDetails (ID, FirstName, LastName, Email, Password, AccountNumber) values (101, 'Paige', 'Mould', 'pmould2s@cnn.com', 'IRBnhvXFYPj', '37-404-0415');
insert into UserDetails (ID, FirstName, LastName, Email, Password, AccountNumber) values (102, 'Twyla', 'Cholerton', 'tcholerton2t@unesco.org', 'n6v3NhF', '20-137-0628');
insert into UserDetails (ID, FirstName, LastName, Email, Password, AccountNumber) values (103, 'Leigh', 'Petschelt', 'lpetschelt2u@wikispaces.com', '1KqRBAT', '21-564-3913');
insert into UserDetails (ID, FirstName, LastName, Email, Password, AccountNumber) values (104, 'Trip', 'Snalom', 'tsnalom2v@ustream.tv', '4QMceyK97f', '60-989-6196');
insert into UserDetails (ID, FirstName, LastName, Email, Password, AccountNumber) values (105, 'Mildrid', 'Bilton', 'mbilton2w@quantcast.com', 'y4jfbfKXP1a', '02-554-3682');
insert into UserDetails (ID, FirstName, LastName, Email, Password, AccountNumber) values (106, 'Merrielle', 'Matus', 'mmatus2x@a8.net', 'GuuoQA23', '46-878-7488');
insert into UserDetails (ID, FirstName, LastName, Email, Password, AccountNumber) values (107, 'Forbes', 'Rosingdall', 'frosingdall2y@hugedomains.com', '9fWhUCJOD9', '07-981-8397');
insert into UserDetails (ID, FirstName, LastName, Email, Password, AccountNumber) values (108, 'Dedra', 'Ferandez', 'dferandez2z@phoca.cz', 'JyS7NTBC5PZ', '06-111-6345');
insert into UserDetails (ID, FirstName, LastName, Email, Password, AccountNumber) values (109, 'Sibyl', 'Harrod', 'sharrod30@reuters.com', 'wPiD4p3Ta1v', '69-741-2843');
insert into UserDetails (ID, FirstName, LastName, Email, Password, AccountNumber) values (110, 'Lanni', 'Weeke', 'lweeke31@wsj.com', '00nbShx5Is', '99-672-7476');
insert into UserDetails (ID, FirstName, LastName, Email, Password, AccountNumber) values (111, 'Osmond', 'Flindall', 'oflindall32@so-net.ne.jp', 'aDyTG0', '91-361-4001');
insert into UserDetails (ID, FirstName, LastName, Email, Password, AccountNumber) values (112, 'Janice', 'Baden', 'jbaden33@dot.gov', 'Xt3wRjMYzu', '59-580-6997');
insert into UserDetails (ID, FirstName, LastName, Email, Password, AccountNumber) values (113, 'Harmony', 'Kruszelnicki', 'hkruszelnicki34@aboutads.info', '0tdUhDpAJuf', '85-931-7880');
insert into UserDetails (ID, FirstName, LastName, Email, Password, AccountNumber) values (114, 'Chicky', 'Tripp', 'ctripp35@livejournal.com', 'HYLDKD', '41-798-1171');
insert into UserDetails (ID, FirstName, LastName, Email, Password, AccountNumber) values (115, 'Darla', 'Beves', 'dbeves36@tripadvisor.com', 'ACTAPQ', '60-194-1912');
insert into UserDetails (ID, FirstName, LastName, Email, Password, AccountNumber) values (116, 'Aviva', 'Wyne', 'awyne37@deviantart.com', 'G4LNJAm', '84-320-9281');
insert into UserDetails (ID, FirstName, LastName, Email, Password, AccountNumber) values (117, 'Wyndham', 'Wormleighton', 'wwormleighton38@clickbank.net', 'EIezxuz', '41-317-5354');
insert into UserDetails (ID, FirstName, LastName, Email, Password, AccountNumber) values (118, 'Valerie', 'Grimstead', 'vgrimstead39@sina.com.cn', 'mPI8kGDl5', '94-181-7560');
insert into UserDetails (ID, FirstName, LastName, Email, Password, AccountNumber) values (119, 'Reynold', 'Malsher', 'rmalsher3a@ted.com', 'seLzNYwKwPLw', '74-626-5857');
insert into UserDetails (ID, FirstName, LastName, Email, Password, AccountNumber) values (120, 'Virgilio', 'Summerhayes', 'vsummerhayes3b@phoca.cz', 'XYnyD0KXes', '00-639-0514');
insert into UserDetails (ID, FirstName, LastName, Email, Password, AccountNumber) values (121, 'Dante', 'Shearmer', 'dshearmer3c@spiegel.de', 'Dh0zIfWrH', '24-234-9614');
insert into UserDetails (ID, FirstName, LastName, Email, Password, AccountNumber) values (122, 'Kermie', 'Choppen', 'kchoppen3d@independent.co.uk', 'O02ByRYgsSxN', '00-116-5716');
insert into UserDetails (ID, FirstName, LastName, Email, Password, AccountNumber) values (123, 'Sari', 'Weeks', 'sweeks3e@creativecommons.org', 'nRgNo0', '22-627-5096');
insert into UserDetails (ID, FirstName, LastName, Email, Password, AccountNumber) values (124, 'Olga', 'Velareal', 'ovelareal3f@addtoany.com', '01nmsvU', '17-000-7594');
insert into UserDetails (ID, FirstName, LastName, Email, Password, AccountNumber) values (125, 'Olivie', 'Rebert', 'orebert3g@so-net.ne.jp', 'sbcIKDaj2ToD', '26-176-3659');
insert into UserDetails (ID, FirstName, LastName, Email, Password, AccountNumber) values (126, 'Diane', 'Tomkys', 'dtomkys3h@com.com', 'TXQTb6G2Ti5', '08-042-3777');
insert into UserDetails (ID, FirstName, LastName, Email, Password, AccountNumber) values (127, 'Cordie', 'Von Salzberg', 'cvonsalzberg3i@tumblr.com', 'vzMg9RcYkzsR', '65-607-4066');
insert into UserDetails (ID, FirstName, LastName, Email, Password, AccountNumber) values (128, 'Blane', 'Charlick', 'bcharlick3j@oaic.gov.au', 'BGlGDCovdS', '28-481-2468');
insert into UserDetails (ID, FirstName, LastName, Email, Password, AccountNumber) values (129, 'Brittany', 'Bloxsom', 'bbloxsom3k@ca.gov', 's6Y14mJr', '08-252-5502');
insert into UserDetails (ID, FirstName, LastName, Email, Password, AccountNumber) values (130, 'Walt', 'Pieper', 'wpieper3l@jalbum.net', '8067LuXmLhRg', '36-520-8850');
insert into UserDetails (ID, FirstName, LastName, Email, Password, AccountNumber) values (131, 'Mitchael', 'Ottery', 'mottery3m@reddit.com', 'GidlclLSLxjR', '88-228-2293');
insert into UserDetails (ID, FirstName, LastName, Email, Password, AccountNumber) values (132, 'Alister', 'Yorath', 'ayorath3n@yale.edu', 'vymaFds', '10-609-8173');
insert into UserDetails (ID, FirstName, LastName, Email, Password, AccountNumber) values (133, 'Bank', 'Filan', 'bfilan3o@mtv.com', 'bkRsYwg', '75-880-6914');
insert into UserDetails (ID, FirstName, LastName, Email, Password, AccountNumber) values (134, 'Buiron', 'Seals', 'bseals3p@soup.io', 'dZ5j8MIUftKb', '10-935-2224');
insert into UserDetails (ID, FirstName, LastName, Email, Password, AccountNumber) values (135, 'Jobina', 'Ible', 'jible3q@over-blog.com', 'og42iPAA', '86-196-0064');
insert into UserDetails (ID, FirstName, LastName, Email, Password, AccountNumber) values (136, 'Klara', 'Lys', 'klys3r@biblegateway.com', 'OTYhczFtrr', '91-364-7685');
insert into UserDetails (ID, FirstName, LastName, Email, Password, AccountNumber) values (137, 'Reg', 'Ramel', 'rramel3s@admin.ch', 'eYmxa7HrVo', '16-395-2075');
insert into UserDetails (ID, FirstName, LastName, Email, Password, AccountNumber) values (138, 'Dolley', 'Bleyman', 'dbleyman3t@china.com.cn', 'lN5pFsXBA1LI', '61-881-2519');
insert into UserDetails (ID, FirstName, LastName, Email, Password, AccountNumber) values (139, 'Ingrim', 'Jinkin', 'ijinkin3u@businesswire.com', 'mobcXQuv', '65-011-7087');
insert into UserDetails (ID, FirstName, LastName, Email, Password, AccountNumber) values (140, 'Webb', 'Gavrielli', 'wgavrielli3v@apple.com', 'fgyCZyGVJSHj', '60-839-6780');
insert into UserDetails (ID, FirstName, LastName, Email, Password, AccountNumber) values (141, 'Shay', 'Cheshire', 'scheshire3w@infoseek.co.jp', 'e5VIc36s', '85-240-4041');
insert into UserDetails (ID, FirstName, LastName, Email, Password, AccountNumber) values (142, 'Dennis', 'Severs', 'dsevers3x@google.cn', 'p5RtvxRw', '41-181-0680');
insert into UserDetails (ID, FirstName, LastName, Email, Password, AccountNumber) values (143, 'Gabi', 'Warland', 'gwarland3y@freewebs.com', 'QY0M4A3ud0', '14-683-1388');
insert into UserDetails (ID, FirstName, LastName, Email, Password, AccountNumber) values (144, 'Joya', 'Lantiffe', 'jlantiffe3z@ezinearticles.com', '2xOhIWSa', '96-210-8945');
insert into UserDetails (ID, FirstName, LastName, Email, Password, AccountNumber) values (145, 'Charlotta', 'Kolin', 'ckolin40@reddit.com', 'poIyvLXCr', '11-539-5182');
insert into UserDetails (ID, FirstName, LastName, Email, Password, AccountNumber) values (146, 'Marya', 'Dulanty', 'mdulanty41@europa.eu', 'Zo3aX5o0tje', '81-730-9120');
insert into UserDetails (ID, FirstName, LastName, Email, Password, AccountNumber) values (147, 'Nicolina', 'Eggar', 'neggar42@umn.edu', 'OKE0809', '98-783-1267');
insert into UserDetails (ID, FirstName, LastName, Email, Password, AccountNumber) values (148, 'Mercy', 'Feldhammer', 'mfeldhammer43@technorati.com', 'OnSwIx3rAs', '59-261-8546');
insert into UserDetails (ID, FirstName, LastName, Email, Password, AccountNumber) values (149, 'Jennie', 'Christene', 'jchristene44@cisco.com', 'fRVrOQu', '18-087-9272');
insert into UserDetails (ID, FirstName, LastName, Email, Password, AccountNumber) values (150, 'Guthry', 'Ryde', 'gryde45@dagondesign.com', 'fw8YR4Ba2B', '44-052-8515');
insert into UserDetails (ID, FirstName, LastName, Email, Password, AccountNumber) values (151, 'Sinclare', 'Mirfield', 'smirfield46@reverbnation.com', 'h0Bo6uWRtl', '63-657-6648');
insert into UserDetails (ID, FirstName, LastName, Email, Password, AccountNumber) values (152, 'Aubry', 'Bawdon', 'abawdon47@gov.uk', 'wuBiHAwr', '25-592-5665');
insert into UserDetails (ID, FirstName, LastName, Email, Password, AccountNumber) values (153, 'Laurella', 'Looker', 'llooker48@edublogs.org', '60TuITI', '40-806-3212');
insert into UserDetails (ID, FirstName, LastName, Email, Password, AccountNumber) values (154, 'Desiri', 'Petruska', 'dpetruska49@nbcnews.com', 'q9ld4zjBwv', '41-198-0371');
insert into UserDetails (ID, FirstName, LastName, Email, Password, AccountNumber) values (155, 'Susan', 'Syrad', 'ssyrad4a@newyorker.com', 'WdwmJio', '21-052-5790');
insert into UserDetails (ID, FirstName, LastName, Email, Password, AccountNumber) values (156, 'Verena', 'Folder', 'vfolder4b@google.nl', 'urp7i2D', '66-835-1019');
insert into UserDetails (ID, FirstName, LastName, Email, Password, AccountNumber) values (157, 'Orville', 'Ferier', 'oferier4c@oaic.gov.au', 'eD3h6RC2xB', '05-985-0694');
insert into UserDetails (ID, FirstName, LastName, Email, Password, AccountNumber) values (158, 'Marleen', 'Underhill', 'munderhill4d@edublogs.org', 'RYuMxdLK', '74-845-6632');
insert into UserDetails (ID, FirstName, LastName, Email, Password, AccountNumber) values (159, 'Janna', 'Burfoot', 'jburfoot4e@tinypic.com', 'ah8BXwMS7', '28-755-5230');
insert into UserDetails (ID, FirstName, LastName, Email, Password, AccountNumber) values (160, 'Raimundo', 'Hardey', 'rhardey4f@cdc.gov', '2ex0wD6a', '40-353-3539');
insert into UserDetails (ID, FirstName, LastName, Email, Password, AccountNumber) values (161, 'Minny', 'Gater', 'mgater4g@people.com.cn', 'JjdbIwL9qcs', '13-420-4061');
insert into UserDetails (ID, FirstName, LastName, Email, Password, AccountNumber) values (162, 'Anitra', 'Posselt', 'aposselt4h@vkontakte.ru', '9pandk', '38-543-4278');
insert into UserDetails (ID, FirstName, LastName, Email, Password, AccountNumber) values (163, 'Marcelo', 'Cockshutt', 'mcockshutt4i@nature.com', 'we5r9bBJ', '60-553-5402');
insert into UserDetails (ID, FirstName, LastName, Email, Password, AccountNumber) values (164, 'Nettie', 'Meeus', 'nmeeus4j@businessweek.com', 'j0Tf5Qb7zVvX', '85-231-5483');
insert into UserDetails (ID, FirstName, LastName, Email, Password, AccountNumber) values (165, 'Reinaldos', 'Challinor', 'rchallinor4k@un.org', 'D0BoxWWtQqbg', '78-220-3455');
insert into UserDetails (ID, FirstName, LastName, Email, Password, AccountNumber) values (166, 'Jilly', 'Wolstencroft', 'jwolstencroft4l@addthis.com', 'VDkSjEJpOI', '47-585-0112');
insert into UserDetails (ID, FirstName, LastName, Email, Password, AccountNumber) values (167, 'Stacie', 'Mulran', 'smulran4m@clickbank.net', 'ZfT5f4', '37-948-5241');
insert into UserDetails (ID, FirstName, LastName, Email, Password, AccountNumber) values (168, 'Felisha', 'McRae', 'fmcrae4n@google.fr', 'vcwNCu', '99-700-0299');
insert into UserDetails (ID, FirstName, LastName, Email, Password, AccountNumber) values (169, 'Frederigo', 'Tomkiss', 'ftomkiss4o@si.edu', 'Mhcq09X', '06-843-3502');
insert into UserDetails (ID, FirstName, LastName, Email, Password, AccountNumber) values (170, 'Wain', 'Passey', 'wpassey4p@tinyurl.com', 'Rdbn0HC0Lz', '11-986-9110');
insert into UserDetails (ID, FirstName, LastName, Email, Password, AccountNumber) values (171, 'Paule', 'Meins', 'pmeins4q@geocities.com', 'NMYFGZ08CZ', '15-307-0902');
insert into UserDetails (ID, FirstName, LastName, Email, Password, AccountNumber) values (172, 'Claudianus', 'Titcom', 'ctitcom4r@elpais.com', 'AeYX5rBNJq5', '98-808-8217');
insert into UserDetails (ID, FirstName, LastName, Email, Password, AccountNumber) values (173, 'Laurene', 'Roman', 'lroman4s@state.tx.us', 'Wx3XKq1F5', '33-064-9222');
insert into UserDetails (ID, FirstName, LastName, Email, Password, AccountNumber) values (174, 'Madeleine', 'Drieu', 'mdrieu4t@miibeian.gov.cn', 'scRu5zCuAbz', '33-478-5935');
insert into UserDetails (ID, FirstName, LastName, Email, Password, AccountNumber) values (175, 'Sibley', 'Kobpa', 'skobpa4u@smugmug.com', '55fUz80Hlk', '81-240-7968');
insert into UserDetails (ID, FirstName, LastName, Email, Password, AccountNumber) values (176, 'Heloise', 'McGhee', 'hmcghee4v@g.co', 'l0w6QTWtYC', '96-804-9409');
insert into UserDetails (ID, FirstName, LastName, Email, Password, AccountNumber) values (177, 'Camila', 'MacDermid', 'cmacdermid4w@unicef.org', 'Y8PlZk', '14-202-2953');
insert into UserDetails (ID, FirstName, LastName, Email, Password, AccountNumber) values (178, 'Granger', 'Gallimore', 'ggallimore4x@imageshack.us', 'iBr2TUd', '03-196-5203');
insert into UserDetails (ID, FirstName, LastName, Email, Password, AccountNumber) values (179, 'Doll', 'Hinkensen', 'dhinkensen4y@ocn.ne.jp', 'KN0BMFx', '05-280-2679');
insert into UserDetails (ID, FirstName, LastName, Email, Password, AccountNumber) values (180, 'Libbey', 'Bulcroft', 'lbulcroft4z@independent.co.uk', 'rncxNEXmQQ5', '97-058-5477');
insert into UserDetails (ID, FirstName, LastName, Email, Password, AccountNumber) values (181, 'Osborn', 'Tudge', 'otudge50@addtoany.com', '0c79pb4S9atW', '40-276-2250');
insert into UserDetails (ID, FirstName, LastName, Email, Password, AccountNumber) values (182, 'Jennica', 'Vaneev', 'jvaneev51@storify.com', '3Eeqs8EebB6', '25-626-0456');
insert into UserDetails (ID, FirstName, LastName, Email, Password, AccountNumber) values (183, 'Gunar', 'Forster', 'gforster52@oracle.com', '5NesRXk', '24-523-0834');
insert into UserDetails (ID, FirstName, LastName, Email, Password, AccountNumber) values (184, 'Horst', 'Soutar', 'hsoutar53@hatena.ne.jp', 'DX81Wa', '88-961-7742');
insert into UserDetails (ID, FirstName, LastName, Email, Password, AccountNumber) values (185, 'Ddene', 'Caffery', 'dcaffery54@blogs.com', 'KdNHIZU', '62-621-5171');
insert into UserDetails (ID, FirstName, LastName, Email, Password, AccountNumber) values (186, 'Joann', 'Valdes', 'jvaldes55@newsvine.com', 't02JFZKmBP', '58-618-5404');
insert into UserDetails (ID, FirstName, LastName, Email, Password, AccountNumber) values (187, 'Roger', 'Darton', 'rdarton56@independent.co.uk', 'y8GCKPI', '67-708-6155');
insert into UserDetails (ID, FirstName, LastName, Email, Password, AccountNumber) values (188, 'Shirley', 'Beddis', 'sbeddis57@qq.com', 'NJkJJjl', '95-519-9769');
insert into UserDetails (ID, FirstName, LastName, Email, Password, AccountNumber) values (189, 'Olympie', 'Felton', 'ofelton58@delicious.com', 'pTrEM2', '14-383-3640');
insert into UserDetails (ID, FirstName, LastName, Email, Password, AccountNumber) values (190, 'Starlene', 'Borrie', 'sborrie59@newyorker.com', 'gH3bWZPgi', '28-452-6482');
insert into UserDetails (ID, FirstName, LastName, Email, Password, AccountNumber) values (191, 'Ardelle', 'Rapier', 'arapier5a@marriott.com', '7Oo6lYytLuE', '50-178-8710');
insert into UserDetails (ID, FirstName, LastName, Email, Password, AccountNumber) values (192, 'Tallie', 'Blakden', 'tblakden5b@cnet.com', '6k9xrujkfC60', '25-897-2305');
insert into UserDetails (ID, FirstName, LastName, Email, Password, AccountNumber) values (193, 'Morgana', 'Sansbury', 'msansbury5c@vinaora.com', 'GiaaLQx', '32-982-1735');
insert into UserDetails (ID, FirstName, LastName, Email, Password, AccountNumber) values (194, 'Pamella', 'Prandini', 'pprandini5d@intel.com', '21L0qDtsMQls', '38-770-0889');
insert into UserDetails (ID, FirstName, LastName, Email, Password, AccountNumber) values (195, 'Binni', 'Witham', 'bwitham5e@sbwire.com', '1arXXckYU', '07-640-1670');
insert into UserDetails (ID, FirstName, LastName, Email, Password, AccountNumber) values (196, 'Flossy', 'Tinker', 'ftinker5f@squidoo.com', 'HxZaQDDO', '34-762-7475');
insert into UserDetails (ID, FirstName, LastName, Email, Password, AccountNumber) values (197, 'Uta', 'Abramchik', 'uabramchik5g@mlb.com', 'JJkpLObUMMGG', '43-680-8140');
insert into UserDetails (ID, FirstName, LastName, Email, Password, AccountNumber) values (198, 'Adela', 'Meekin', 'ameekin5h@shinystat.com', 'SgGxSTmfDJCs', '37-988-0398');
insert into UserDetails (ID, FirstName, LastName, Email, Password, AccountNumber) values (199, 'Hakim', 'Harrie', 'hharrie5i@mapquest.com', 'bGakWEJjK8z', '39-193-3776');
insert into UserDetails (ID, FirstName, LastName, Email, Password, AccountNumber) values (200, 'Trenton', 'Adame', 'tadame5j@people.com.cn', 'pvGnL50xC5q', '72-141-3230');
insert into UserDetails (ID, FirstName, LastName, Email, Password, AccountNumber) values (201, 'Corella', 'Hatry', 'chatry5k@example.com', 'F2s2FPLSegB5', '55-353-1406');
insert into UserDetails (ID, FirstName, LastName, Email, Password, AccountNumber) values (202, 'Adrian', 'Holburn', 'aholburn5l@google.ru', '2wpito7ZK', '72-549-7234');
insert into UserDetails (ID, FirstName, LastName, Email, Password, AccountNumber) values (203, 'Eldridge', 'Houtbie', 'ehoutbie5m@yahoo.co.jp', 'xvCFSJ6R', '42-158-6612');
insert into UserDetails (ID, FirstName, LastName, Email, Password, AccountNumber) values (204, 'Vidovic', 'Rothery', 'vrothery5n@cafepress.com', 'fBKh7R', '52-819-1142');
insert into UserDetails (ID, FirstName, LastName, Email, Password, AccountNumber) values (205, 'Bone', 'Figin', 'bfigin5o@163.com', 'Bl8CTrFrCCr', '60-741-1901');
insert into UserDetails (ID, FirstName, LastName, Email, Password, AccountNumber) values (206, 'Ewell', 'Stobbes', 'estobbes5p@hibu.com', 'ZfwOnLBKO', '16-481-7995');
insert into UserDetails (ID, FirstName, LastName, Email, Password, AccountNumber) values (207, 'Nanette', 'Quelch', 'nquelch5q@businessweek.com', 'w3IHlj', '51-605-8929');
insert into UserDetails (ID, FirstName, LastName, Email, Password, AccountNumber) values (208, 'Alaric', 'Hatchell', 'ahatchell5r@livejournal.com', 'hUQF8MYyQLe', '83-725-4874');
insert into UserDetails (ID, FirstName, LastName, Email, Password, AccountNumber) values (209, 'Flss', 'Fierro', 'ffierro5s@baidu.com', 'jZLsmtC1', '15-627-2411');
insert into UserDetails (ID, FirstName, LastName, Email, Password, AccountNumber) values (210, 'Robbie', 'Welbeck', 'rwelbeck5t@trellian.com', 'ARDhXtMWE', '76-095-6517');
insert into UserDetails (ID, FirstName, LastName, Email, Password, AccountNumber) values (211, 'Sean', 'Huffey', 'shuffey5u@etsy.com', 'n7zzwS7ADOT', '06-220-9121');
insert into UserDetails (ID, FirstName, LastName, Email, Password, AccountNumber) values (212, 'Zonda', 'Bertrand', 'zbertrand5v@moonfruit.com', 'NXVzVFJazN', '59-217-0438');
insert into UserDetails (ID, FirstName, LastName, Email, Password, AccountNumber) values (213, 'Katti', 'Porrett', 'kporrett5w@altervista.org', 'kRonSX', '25-687-1739');
insert into UserDetails (ID, FirstName, LastName, Email, Password, AccountNumber) values (214, 'Louisette', 'Le Fevre', 'llefevre5x@comcast.net', 'i9VZ5L', '44-930-7059');
insert into UserDetails (ID, FirstName, LastName, Email, Password, AccountNumber) values (215, 'Rowe', 'Aldersey', 'raldersey5y@yandex.ru', 'mAj4AUn', '35-517-4608');
insert into UserDetails (ID, FirstName, LastName, Email, Password, AccountNumber) values (216, 'Maurine', 'Tills', 'mtills5z@google.ca', 'MsFBHh719', '84-579-7672');
insert into UserDetails (ID, FirstName, LastName, Email, Password, AccountNumber) values (217, 'Loreen', 'Headington', 'lheadington60@mozilla.org', 'stbprmHBO4', '02-865-2620');
insert into UserDetails (ID, FirstName, LastName, Email, Password, AccountNumber) values (218, 'Zared', 'Banton', 'zbanton61@msu.edu', 'L7sVSY', '50-457-6034');
insert into UserDetails (ID, FirstName, LastName, Email, Password, AccountNumber) values (219, 'Chris', 'Seccombe', 'cseccombe62@who.int', 'Tdwnv6SJz', '46-959-7816');
insert into UserDetails (ID, FirstName, LastName, Email, Password, AccountNumber) values (220, 'Cord', 'Baistow', 'cbaistow63@whitehouse.gov', 'CQ44mmZ', '47-962-0686');
insert into UserDetails (ID, FirstName, LastName, Email, Password, AccountNumber) values (221, 'Terence', 'Hellmore', 'thellmore64@un.org', 'SMrEoH9SZM', '42-023-8505');
insert into UserDetails (ID, FirstName, LastName, Email, Password, AccountNumber) values (222, 'Lauree', 'Thews', 'lthews65@msu.edu', 'D07fz7wE8N', '75-856-0957');
insert into UserDetails (ID, FirstName, LastName, Email, Password, AccountNumber) values (223, 'Manya', 'Rabbitts', 'mrabbitts66@ihg.com', 'GXbFpykEM', '03-064-6245');
insert into UserDetails (ID, FirstName, LastName, Email, Password, AccountNumber) values (224, 'Elbertina', 'Arro', 'earro67@is.gd', '8mJEJZvBVcu', '22-384-4190');
insert into UserDetails (ID, FirstName, LastName, Email, Password, AccountNumber) values (225, 'Salem', 'Blaymires', 'sblaymires68@parallels.com', '0VVqHj', '38-320-5910');
insert into UserDetails (ID, FirstName, LastName, Email, Password, AccountNumber) values (226, 'Ardeen', 'Ick', 'aick69@ft.com', 'GGfd2iPgKnJu', '76-473-1564');
insert into UserDetails (ID, FirstName, LastName, Email, Password, AccountNumber) values (227, 'Astrid', 'Odams', 'aodams6a@wordpress.org', 'YvChBU', '35-187-4484');
insert into UserDetails (ID, FirstName, LastName, Email, Password, AccountNumber) values (228, 'Idelle', 'Rotte', 'irotte6b@drupal.org', '0jtphMn2', '22-967-4777');
insert into UserDetails (ID, FirstName, LastName, Email, Password, AccountNumber) values (229, 'Josie', 'Fray', 'jfray6c@columbia.edu', 'NtlxkVL8mAx', '35-323-3868');
insert into UserDetails (ID, FirstName, LastName, Email, Password, AccountNumber) values (230, 'Pren', 'Sayse', 'psayse6d@utexas.edu', '7Fo1IclnBVq', '24-260-8982');
insert into UserDetails (ID, FirstName, LastName, Email, Password, AccountNumber) values (231, 'Ginger', 'Stainland', 'gstainland6e@irs.gov', 'Yo9rBTvxD', '85-487-1980');
insert into UserDetails (ID, FirstName, LastName, Email, Password, AccountNumber) values (232, 'Gerty', 'Grunson', 'ggrunson6f@reference.com', 'chW0IP', '36-860-6829');
insert into UserDetails (ID, FirstName, LastName, Email, Password, AccountNumber) values (233, 'Loretta', 'Dachs', 'ldachs6g@hostgator.com', 'Ypth9b3oziuo', '00-960-3668');
insert into UserDetails (ID, FirstName, LastName, Email, Password, AccountNumber) values (234, 'Hubie', 'Dreamer', 'hdreamer6h@hugedomains.com', 'n1g5JsBBTB', '13-206-1856');
insert into UserDetails (ID, FirstName, LastName, Email, Password, AccountNumber) values (235, 'Bryant', 'Humphries', 'bhumphries6i@cargocollective.com', '51bkZaW', '66-463-3574');
insert into UserDetails (ID, FirstName, LastName, Email, Password, AccountNumber) values (236, 'Claudianus', 'Borham', 'cborham6j@cornell.edu', 'nxbDzH', '18-533-2201');
insert into UserDetails (ID, FirstName, LastName, Email, Password, AccountNumber) values (237, 'Humberto', 'Hatherleigh', 'hhatherleigh6k@ucla.edu', 'ophEGUJ8Gl', '02-411-3097');
insert into UserDetails (ID, FirstName, LastName, Email, Password, AccountNumber) values (238, 'Vern', 'Comberbach', 'vcomberbach6l@gnu.org', 'QFvkcTV27gUQ', '35-473-7917');
insert into UserDetails (ID, FirstName, LastName, Email, Password, AccountNumber) values (239, 'Kennie', 'Oldall', 'koldall6m@mapquest.com', 'yz4hkzXbFUy', '08-666-9106');
insert into UserDetails (ID, FirstName, LastName, Email, Password, AccountNumber) values (240, 'Karalee', 'Lilie', 'klilie6n@loc.gov', 'SYMbm5QS', '28-812-6928');
insert into UserDetails (ID, FirstName, LastName, Email, Password, AccountNumber) values (241, 'Evelyn', 'Melsom', 'emelsom6o@paypal.com', 'UiekMRZhzTI', '47-324-2636');
insert into UserDetails (ID, FirstName, LastName, Email, Password, AccountNumber) values (242, 'Erminie', 'Cheese', 'echeese6p@google.ca', 'WfcLSLY2V', '65-572-5234');
insert into UserDetails (ID, FirstName, LastName, Email, Password, AccountNumber) values (243, 'Tate', 'Skewes', 'tskewes6q@apple.com', 'hbP2wlQPV0', '43-797-5276');
insert into UserDetails (ID, FirstName, LastName, Email, Password, AccountNumber) values (244, 'Carmon', 'Fierman', 'cfierman6r@example.com', '5H2as2nSpVu', '09-075-6961');
insert into UserDetails (ID, FirstName, LastName, Email, Password, AccountNumber) values (245, 'Stillmann', 'Lindop', 'slindop6s@ebay.co.uk', 'TpuJ2lEQ12', '99-466-2681');
insert into UserDetails (ID, FirstName, LastName, Email, Password, AccountNumber) values (246, 'Bab', 'Cutbush', 'bcutbush6t@aboutads.info', 'pFToZZty', '75-793-6032');
insert into UserDetails (ID, FirstName, LastName, Email, Password, AccountNumber) values (247, 'Cob', 'Skoggings', 'cskoggings6u@rakuten.co.jp', 'ZPN14U', '23-191-8230');
insert into UserDetails (ID, FirstName, LastName, Email, Password, AccountNumber) values (248, 'Lyndsay', 'Goding', 'lgoding6v@naver.com', 'Ol576Gz8', '38-473-7420');
insert into UserDetails (ID, FirstName, LastName, Email, Password, AccountNumber) values (249, 'Engelbert', 'Laborde', 'elaborde6w@prnewswire.com', 'Y9PMWeNlm3j', '92-065-9364');
insert into UserDetails (ID, FirstName, LastName, Email, Password, AccountNumber) values (250, 'Linnea', 'Edmans', 'ledmans6x@macromedia.com', 'fay5XJx7', '39-826-9803');


insert into UserAddress (ID, UserID, AddressLine1, AddressLine2, City, State, ZipCode, ApartmentNumber) values (1, 37, '59 Mosinee Hill', 'PO Box 94307', 'Boise', 'Idaho', '78384', 14);
insert into UserAddress (ID, UserID, AddressLine1, AddressLine2, City, State, ZipCode, ApartmentNumber) values (2, 210, '4696 Graceland Point', 'PO Box 14567', 'Salt Lake City', 'Utah', '5564', 9);
insert into UserAddress (ID, UserID, AddressLine1, AddressLine2, City, State, ZipCode, ApartmentNumber) values (3, 241, '2345 American Ash Place', 'Apt 1611', 'Oceanside', 'California', '507', 18);
insert into UserAddress (ID, UserID, AddressLine1, AddressLine2, City, State, ZipCode, ApartmentNumber) values (4, 136, '88045 Hintze Trail', 'Room 1465', 'Bethesda', 'Maryland', '38', 11);
insert into UserAddress (ID, UserID, AddressLine1, AddressLine2, City, State, ZipCode, ApartmentNumber) values (5, 91, '707 Drewry Avenue', 'Suite 99', 'New York City', 'New York', '9246', 10);
insert into UserAddress (ID, UserID, AddressLine1, AddressLine2, City, State, ZipCode, ApartmentNumber) values (6, 3, '677 Sachtjen Drive', 'Apt 1343', 'Rochester', 'New York', '1', 10);
insert into UserAddress (ID, UserID, AddressLine1, AddressLine2, City, State, ZipCode, ApartmentNumber) values (7, 102, '57 Lotheville Circle', 'Suite 77', 'Lexington', 'Kentucky', '75344', 14);
insert into UserAddress (ID, UserID, AddressLine1, AddressLine2, City, State, ZipCode, ApartmentNumber) values (8, 124, '8 Garrison Point', 'Apt 1402', 'Pensacola', 'Florida', '26', 14);
insert into UserAddress (ID, UserID, AddressLine1, AddressLine2, City, State, ZipCode, ApartmentNumber) values (9, 139, '64947 Cody Pass', 'Apt 372', 'Houston', 'Texas', '980', 11);
insert into UserAddress (ID, UserID, AddressLine1, AddressLine2, City, State, ZipCode, ApartmentNumber) values (10, 113, '3668 Everett Plaza', 'Suite 3', 'El Paso', 'Texas', '46239', 18);
insert into UserAddress (ID, UserID, AddressLine1, AddressLine2, City, State, ZipCode, ApartmentNumber) values (11, 8, '000 Cardinal Avenue', 'PO Box 12354', 'Youngstown', 'Ohio', '2375', 11);
insert into UserAddress (ID, UserID, AddressLine1, AddressLine2, City, State, ZipCode, ApartmentNumber) values (12, 155, '5 Springs Way', '15th Floor', 'Phoenix', 'Arizona', '2358', 20);
insert into UserAddress (ID, UserID, AddressLine1, AddressLine2, City, State, ZipCode, ApartmentNumber) values (13, 213, '64 Kensington Crossing', '11th Floor', 'Spartanburg', 'South Carolina', '648', 7);
insert into UserAddress (ID, UserID, AddressLine1, AddressLine2, City, State, ZipCode, ApartmentNumber) values (14, 216, '09 Anzinger Hill', '14th Floor', 'Bethesda', 'Maryland', '7037', 17);
insert into UserAddress (ID, UserID, AddressLine1, AddressLine2, City, State, ZipCode, ApartmentNumber) values (15, 236, '70386 Maryland Lane', 'Suite 82', 'Pocatello', 'Idaho', '18295', 18);
insert into UserAddress (ID, UserID, AddressLine1, AddressLine2, City, State, ZipCode, ApartmentNumber) values (16, 64, '5 Continental Street', 'Room 1905', 'Tucson', 'Arizona', '7894', 15);
insert into UserAddress (ID, UserID, AddressLine1, AddressLine2, City, State, ZipCode, ApartmentNumber) values (17, 180, '14 Mallard Street', 'Suite 24', 'Orlando', 'Florida', '75668', 9);
insert into UserAddress (ID, UserID, AddressLine1, AddressLine2, City, State, ZipCode, ApartmentNumber) values (18, 144, '0624 Elka Pass', 'PO Box 88204', 'Philadelphia', 'Pennsylvania', '2', 4);
insert into UserAddress (ID, UserID, AddressLine1, AddressLine2, City, State, ZipCode, ApartmentNumber) values (19, 92, '4885 Havey Park', 'PO Box 33759', 'Charleston', 'West Virginia', '9258', 4);
insert into UserAddress (ID, UserID, AddressLine1, AddressLine2, City, State, ZipCode, ApartmentNumber) values (20, 152, '6 Northwestern Plaza', 'Room 861', 'San Francisco', 'California', '52636', 17);
insert into UserAddress (ID, UserID, AddressLine1, AddressLine2, City, State, ZipCode, ApartmentNumber) values (21, 119, '9248 Eagan Alley', 'PO Box 6532', 'Atlanta', 'Georgia', '5082', 12);
insert into UserAddress (ID, UserID, AddressLine1, AddressLine2, City, State, ZipCode, ApartmentNumber) values (22, 167, '5485 Memorial Plaza', 'PO Box 96450', 'Springfield', 'Illinois', '31651', 11);
insert into UserAddress (ID, UserID, AddressLine1, AddressLine2, City, State, ZipCode, ApartmentNumber) values (23, 44, '062 Sullivan Alley', '4th Floor', 'San Francisco', 'California', '6948', 4);
insert into UserAddress (ID, UserID, AddressLine1, AddressLine2, City, State, ZipCode, ApartmentNumber) values (24, 80, '91190 Westport Drive', 'Apt 418', 'Birmingham', 'Alabama', '76587', 14);
insert into UserAddress (ID, UserID, AddressLine1, AddressLine2, City, State, ZipCode, ApartmentNumber) values (25, 19, '2 Utah Center', 'Room 1199', 'Orange', 'California', '77706', 17);
insert into UserAddress (ID, UserID, AddressLine1, AddressLine2, City, State, ZipCode, ApartmentNumber) values (26, 90, '8754 Farmco Trail', 'Room 282', 'Murfreesboro', 'Tennessee', '58', 3);
insert into UserAddress (ID, UserID, AddressLine1, AddressLine2, City, State, ZipCode, ApartmentNumber) values (27, 201, '7 Clemons Terrace', 'PO Box 48142', 'Waco', 'Texas', '6094', 10);
insert into UserAddress (ID, UserID, AddressLine1, AddressLine2, City, State, ZipCode, ApartmentNumber) values (28, 28, '3201 Mcbride Junction', 'Suite 51', 'Kansas City', 'Missouri', '187', 8);
insert into UserAddress (ID, UserID, AddressLine1, AddressLine2, City, State, ZipCode, ApartmentNumber) values (29, 143, '2 Manley Point', 'PO Box 71722', 'Philadelphia', 'Pennsylvania', '28255', 3);
insert into UserAddress (ID, UserID, AddressLine1, AddressLine2, City, State, ZipCode, ApartmentNumber) values (30, 57, '13787 Sullivan Drive', 'PO Box 43196', 'Mobile', 'Alabama', '14108', 13);
insert into UserAddress (ID, UserID, AddressLine1, AddressLine2, City, State, ZipCode, ApartmentNumber) values (31, 250, '2 Clove Parkway', '14th Floor', 'Mobile', 'Alabama', '255', 14);
insert into UserAddress (ID, UserID, AddressLine1, AddressLine2, City, State, ZipCode, ApartmentNumber) values (32, 55, '313 Orin Plaza', 'PO Box 46132', 'Dallas', 'Texas', '588', 16);
insert into UserAddress (ID, UserID, AddressLine1, AddressLine2, City, State, ZipCode, ApartmentNumber) values (33, 242, '0 Ridge Oak Plaza', 'Room 1325', 'Peoria', 'Illinois', '583', 6);
insert into UserAddress (ID, UserID, AddressLine1, AddressLine2, City, State, ZipCode, ApartmentNumber) values (34, 160, '14263 Bunker Hill Lane', 'Suite 74', 'Wichita', 'Kansas', '737', 19);
insert into UserAddress (ID, UserID, AddressLine1, AddressLine2, City, State, ZipCode, ApartmentNumber) values (35, 146, '8053 Morning Parkway', 'Suite 13', 'Racine', 'Wisconsin', '3', 15);
insert into UserAddress (ID, UserID, AddressLine1, AddressLine2, City, State, ZipCode, ApartmentNumber) values (36, 149, '710 Judy Alley', 'Room 639', 'Chicago', 'Illinois', '5524', 9);
insert into UserAddress (ID, UserID, AddressLine1, AddressLine2, City, State, ZipCode, ApartmentNumber) values (37, 23, '14544 Mockingbird Hill', '2nd Floor', 'Santa Ana', 'California', '207', 7);
insert into UserAddress (ID, UserID, AddressLine1, AddressLine2, City, State, ZipCode, ApartmentNumber) values (38, 9, '250 Chinook Point', '4th Floor', 'Raleigh', 'North Carolina', '085', 11);
insert into UserAddress (ID, UserID, AddressLine1, AddressLine2, City, State, ZipCode, ApartmentNumber) values (39, 50, '97 Buhler Terrace', 'Apt 606', 'Chicago', 'Illinois', '29698', 14);
insert into UserAddress (ID, UserID, AddressLine1, AddressLine2, City, State, ZipCode, ApartmentNumber) values (40, 77, '63 Briar Crest Circle', '2nd Floor', 'Portland', 'Oregon', '94', 12);
insert into UserAddress (ID, UserID, AddressLine1, AddressLine2, City, State, ZipCode, ApartmentNumber) values (41, 233, '8 Bartelt Crossing', '6th Floor', 'Louisville', 'Kentucky', '6', 4);
insert into UserAddress (ID, UserID, AddressLine1, AddressLine2, City, State, ZipCode, ApartmentNumber) values (42, 150, '7 Memorial Park', 'PO Box 39602', 'Fort Lauderdale', 'Florida', '286', 20);
insert into UserAddress (ID, UserID, AddressLine1, AddressLine2, City, State, ZipCode, ApartmentNumber) values (43, 210, '3 Mcguire Street', 'Suite 55', 'Evansville', 'Indiana', '1', 12);
insert into UserAddress (ID, UserID, AddressLine1, AddressLine2, City, State, ZipCode, ApartmentNumber) values (44, 144, '611 Hoard Parkway', '4th Floor', 'San Francisco', 'California', '0', 13);
insert into UserAddress (ID, UserID, AddressLine1, AddressLine2, City, State, ZipCode, ApartmentNumber) values (45, 145, '726 Autumn Leaf Place', 'PO Box 75242', 'Sioux Falls', 'South Dakota', '08', 18);
insert into UserAddress (ID, UserID, AddressLine1, AddressLine2, City, State, ZipCode, ApartmentNumber) values (46, 58, '64504 Cordelia Terrace', '19th Floor', 'Birmingham', 'Alabama', '8', 4);
insert into UserAddress (ID, UserID, AddressLine1, AddressLine2, City, State, ZipCode, ApartmentNumber) values (47, 157, '9653 Gale Circle', '20th Floor', 'Houston', 'Texas', '5180', 18);
insert into UserAddress (ID, UserID, AddressLine1, AddressLine2, City, State, ZipCode, ApartmentNumber) values (48, 105, '406 Donald Alley', 'Room 988', 'Stamford', 'Connecticut', '9831', 3);
insert into UserAddress (ID, UserID, AddressLine1, AddressLine2, City, State, ZipCode, ApartmentNumber) values (49, 98, '448 Golf Course Court', 'Apt 757', 'Richmond', 'Virginia', '88', 2);
insert into UserAddress (ID, UserID, AddressLine1, AddressLine2, City, State, ZipCode, ApartmentNumber) values (50, 87, '38126 Pond Alley', 'Room 2', 'Boise', 'Idaho', '2972', 17);
insert into UserAddress (ID, UserID, AddressLine1, AddressLine2, City, State, ZipCode, ApartmentNumber) values (51, 6, '4958 Harbort Avenue', 'PO Box 42857', 'Santa Ana', 'California', '921', 14);
insert into UserAddress (ID, UserID, AddressLine1, AddressLine2, City, State, ZipCode, ApartmentNumber) values (52, 7, '5 High Crossing Plaza', '15th Floor', 'Sioux Falls', 'South Dakota', '10829', 20);
insert into UserAddress (ID, UserID, AddressLine1, AddressLine2, City, State, ZipCode, ApartmentNumber) values (53, 242, '97 Dwight Alley', 'Apt 291', 'Amarillo', 'Texas', '968', 11);
insert into UserAddress (ID, UserID, AddressLine1, AddressLine2, City, State, ZipCode, ApartmentNumber) values (54, 228, '1718 Dahle Hill', 'PO Box 44759', 'Corpus Christi', 'Texas', '5781', 3);
insert into UserAddress (ID, UserID, AddressLine1, AddressLine2, City, State, ZipCode, ApartmentNumber) values (55, 137, '8289 6th Circle', 'Room 820', 'Orlando', 'Florida', '701', 17);
insert into UserAddress (ID, UserID, AddressLine1, AddressLine2, City, State, ZipCode, ApartmentNumber) values (56, 79, '32420 Northfield Court', 'Apt 308', 'Suffolk', 'Virginia', '81591', 13);
insert into UserAddress (ID, UserID, AddressLine1, AddressLine2, City, State, ZipCode, ApartmentNumber) values (57, 65, '15417 American Ash Hill', 'Room 1930', 'Tampa', 'Florida', '16373', 21);
insert into UserAddress (ID, UserID, AddressLine1, AddressLine2, City, State, ZipCode, ApartmentNumber) values (58, 208, '967 Arapahoe Plaza', 'Suite 61', 'North Little Rock', 'Arkansas', '5141', 17);
insert into UserAddress (ID, UserID, AddressLine1, AddressLine2, City, State, ZipCode, ApartmentNumber) values (59, 230, '82708 Clarendon Pass', 'Room 1195', 'Des Moines', 'Iowa', '93', 1);
insert into UserAddress (ID, UserID, AddressLine1, AddressLine2, City, State, ZipCode, ApartmentNumber) values (60, 112, '5095 Prairieview Crossing', 'PO Box 66896', 'Milwaukee', 'Wisconsin', '0379', 8);
insert into UserAddress (ID, UserID, AddressLine1, AddressLine2, City, State, ZipCode, ApartmentNumber) values (61, 5, '8 Steensland Place', 'Apt 1695', 'Washington', 'District of Columbia', '2665', 20);
insert into UserAddress (ID, UserID, AddressLine1, AddressLine2, City, State, ZipCode, ApartmentNumber) values (62, 38, '04662 Green Ridge Terrace', '8th Floor', 'Miami', 'Florida', '686', 16);
insert into UserAddress (ID, UserID, AddressLine1, AddressLine2, City, State, ZipCode, ApartmentNumber) values (63, 200, '799 Londonderry Trail', 'Suite 39', 'New Orleans', 'Louisiana', '17', 18);
insert into UserAddress (ID, UserID, AddressLine1, AddressLine2, City, State, ZipCode, ApartmentNumber) values (64, 145, '2 Cascade Pass', 'Room 1164', 'Henderson', 'Nevada', '1726', 14);
insert into UserAddress (ID, UserID, AddressLine1, AddressLine2, City, State, ZipCode, ApartmentNumber) values (65, 112, '63408 Clove Parkway', 'Room 1577', 'Brooklyn', 'New York', '0', 17);
insert into UserAddress (ID, UserID, AddressLine1, AddressLine2, City, State, ZipCode, ApartmentNumber) values (66, 36, '428 Loftsgordon Place', 'Room 1482', 'Richmond', 'Virginia', '02619', 9);
insert into UserAddress (ID, UserID, AddressLine1, AddressLine2, City, State, ZipCode, ApartmentNumber) values (67, 37, '99 Talisman Circle', 'Suite 45', 'Brooklyn', 'New York', '19835', 16);
insert into UserAddress (ID, UserID, AddressLine1, AddressLine2, City, State, ZipCode, ApartmentNumber) values (68, 54, '3730 Thierer Hill', '1st Floor', 'Buffalo', 'New York', '5', 17);
insert into UserAddress (ID, UserID, AddressLine1, AddressLine2, City, State, ZipCode, ApartmentNumber) values (69, 221, '8 Pepper Wood Circle', 'Apt 1408', 'Kansas City', 'Missouri', '4', 15);
insert into UserAddress (ID, UserID, AddressLine1, AddressLine2, City, State, ZipCode, ApartmentNumber) values (70, 168, '943 Roxbury Terrace', 'PO Box 29511', 'Fort Lauderdale', 'Florida', '05', 10);
insert into UserAddress (ID, UserID, AddressLine1, AddressLine2, City, State, ZipCode, ApartmentNumber) values (71, 62, '8 Rutledge Junction', 'Apt 911', 'Houston', 'Texas', '7', 16);
insert into UserAddress (ID, UserID, AddressLine1, AddressLine2, City, State, ZipCode, ApartmentNumber) values (72, 134, '32 Dwight Drive', '6th Floor', 'Cincinnati', 'Ohio', '2527', 10);
insert into UserAddress (ID, UserID, AddressLine1, AddressLine2, City, State, ZipCode, ApartmentNumber) values (73, 63, '77 Donald Hill', '18th Floor', 'El Paso', 'Texas', '9', 11);
insert into UserAddress (ID, UserID, AddressLine1, AddressLine2, City, State, ZipCode, ApartmentNumber) values (74, 153, '435 Waubesa Parkway', 'Apt 33', 'Springfield', 'Illinois', '6421', 14);
insert into UserAddress (ID, UserID, AddressLine1, AddressLine2, City, State, ZipCode, ApartmentNumber) values (75, 195, '4294 Towne Place', 'Suite 41', 'Kansas City', 'Missouri', '961', 19);
insert into UserAddress (ID, UserID, AddressLine1, AddressLine2, City, State, ZipCode, ApartmentNumber) values (76, 154, '1993 Sundown Court', 'Room 365', 'Olympia', 'Washington', '634', 6);
insert into UserAddress (ID, UserID, AddressLine1, AddressLine2, City, State, ZipCode, ApartmentNumber) values (77, 176, '9 Kings Drive', 'PO Box 21048', 'Norfolk', 'Virginia', '3429', 10);
insert into UserAddress (ID, UserID, AddressLine1, AddressLine2, City, State, ZipCode, ApartmentNumber) values (78, 184, '796 Farmco Drive', 'Suite 30', 'Miami', 'Florida', '3454', 16);
insert into UserAddress (ID, UserID, AddressLine1, AddressLine2, City, State, ZipCode, ApartmentNumber) values (79, 65, '14188 Division Drive', 'Suite 57', 'Pittsburgh', 'Pennsylvania', '1153', 15);
insert into UserAddress (ID, UserID, AddressLine1, AddressLine2, City, State, ZipCode, ApartmentNumber) values (80, 161, '236 Forest Dale Place', 'PO Box 21471', 'Cleveland', 'Ohio', '9', 8);
insert into UserAddress (ID, UserID, AddressLine1, AddressLine2, City, State, ZipCode, ApartmentNumber) values (81, 180, '15987 Rusk Trail', 'Apt 1637', 'Omaha', 'Nebraska', '2588', 21);
insert into UserAddress (ID, UserID, AddressLine1, AddressLine2, City, State, ZipCode, ApartmentNumber) values (82, 170, '69669 Stuart Center', 'Room 1524', 'Dayton', 'Ohio', '509', 11);
insert into UserAddress (ID, UserID, AddressLine1, AddressLine2, City, State, ZipCode, ApartmentNumber) values (83, 203, '86 Jenna Terrace', 'Room 164', 'Albuquerque', 'New Mexico', '19365', 21);
insert into UserAddress (ID, UserID, AddressLine1, AddressLine2, City, State, ZipCode, ApartmentNumber) values (84, 203, '26677 Spaight Alley', 'Room 623', 'Baton Rouge', 'Louisiana', '6012', 17);
insert into UserAddress (ID, UserID, AddressLine1, AddressLine2, City, State, ZipCode, ApartmentNumber) values (85, 235, '63032 Kipling Way', 'Apt 22', 'Omaha', 'Nebraska', '68', 10);
insert into UserAddress (ID, UserID, AddressLine1, AddressLine2, City, State, ZipCode, ApartmentNumber) values (86, 171, '79 Little Fleur Place', 'Suite 13', 'Reston', 'Virginia', '22', 8);
insert into UserAddress (ID, UserID, AddressLine1, AddressLine2, City, State, ZipCode, ApartmentNumber) values (87, 53, '4 Bartillon Trail', 'Suite 41', 'Brockton', 'Massachusetts', '92', 9);
insert into UserAddress (ID, UserID, AddressLine1, AddressLine2, City, State, ZipCode, ApartmentNumber) values (88, 160, '6 Forest Run Terrace', 'Room 980', 'Concord', 'California', '03936', 9);
insert into UserAddress (ID, UserID, AddressLine1, AddressLine2, City, State, ZipCode, ApartmentNumber) values (89, 22, '4 Sunfield Terrace', 'Apt 1821', 'New Brunswick', 'New Jersey', '46919', 15);
insert into UserAddress (ID, UserID, AddressLine1, AddressLine2, City, State, ZipCode, ApartmentNumber) values (90, 218, '59901 Merchant Alley', '14th Floor', 'Dayton', 'Ohio', '3', 15);
insert into UserAddress (ID, UserID, AddressLine1, AddressLine2, City, State, ZipCode, ApartmentNumber) values (91, 57, '7 Parkside Avenue', 'PO Box 34671', 'Indianapolis', 'Indiana', '8', 15);
insert into UserAddress (ID, UserID, AddressLine1, AddressLine2, City, State, ZipCode, ApartmentNumber) values (92, 15, '58391 Jackson Way', 'Room 1838', 'Washington', 'District of Columbia', '2', 2);
insert into UserAddress (ID, UserID, AddressLine1, AddressLine2, City, State, ZipCode, ApartmentNumber) values (93, 117, '6 Lighthouse Bay Way', 'Suite 58', 'Pasadena', 'California', '8', 15);
insert into UserAddress (ID, UserID, AddressLine1, AddressLine2, City, State, ZipCode, ApartmentNumber) values (94, 14, '52 Trailsway Lane', 'PO Box 48543', 'Long Beach', 'California', '9', 5);
insert into UserAddress (ID, UserID, AddressLine1, AddressLine2, City, State, ZipCode, ApartmentNumber) values (95, 94, '420 American Ash Park', '12th Floor', 'Topeka', 'Kansas', '85', 2);
insert into UserAddress (ID, UserID, AddressLine1, AddressLine2, City, State, ZipCode, ApartmentNumber) values (96, 226, '111 Troy Trail', 'Apt 1480', 'Boise', 'Idaho', '0', 17);
insert into UserAddress (ID, UserID, AddressLine1, AddressLine2, City, State, ZipCode, ApartmentNumber) values (97, 100, '5 Tennessee Park', 'Suite 16', 'Columbus', 'Ohio', '14708', 3);
insert into UserAddress (ID, UserID, AddressLine1, AddressLine2, City, State, ZipCode, ApartmentNumber) values (98, 182, '15 Banding Parkway', 'PO Box 80104', 'Minneapolis', 'Minnesota', '2573', 5);
insert into UserAddress (ID, UserID, AddressLine1, AddressLine2, City, State, ZipCode, ApartmentNumber) values (99, 223, '130 Stoughton Hill', 'PO Box 52643', 'Fairfield', 'Connecticut', '3181', 5);
insert into UserAddress (ID, UserID, AddressLine1, AddressLine2, City, State, ZipCode, ApartmentNumber) values (100, 239, '761 Menomonie Pass', '11th Floor', 'Alpharetta', 'Georgia', '2', 15);
insert into UserAddress (ID, UserID, AddressLine1, AddressLine2, City, State, ZipCode, ApartmentNumber) values (101, 55, '8 Autumn Leaf Parkway', 'Apt 1154', 'El Paso', 'Texas', '0', 10);
insert into UserAddress (ID, UserID, AddressLine1, AddressLine2, City, State, ZipCode, ApartmentNumber) values (102, 238, '2174 Bowman Junction', 'PO Box 14632', 'Denver', 'Colorado', '0', 18);
insert into UserAddress (ID, UserID, AddressLine1, AddressLine2, City, State, ZipCode, ApartmentNumber) values (103, 216, '02393 Transport Pass', 'Apt 567', 'Boston', 'Massachusetts', '66324', 19);
insert into UserAddress (ID, UserID, AddressLine1, AddressLine2, City, State, ZipCode, ApartmentNumber) values (104, 159, '6136 Lunder Point', 'Room 1751', 'Davenport', 'Iowa', '416', 8);
insert into UserAddress (ID, UserID, AddressLine1, AddressLine2, City, State, ZipCode, ApartmentNumber) values (105, 130, '259 Commercial Terrace', 'Suite 72', 'Washington', 'District of Columbia', '6', 10);
insert into UserAddress (ID, UserID, AddressLine1, AddressLine2, City, State, ZipCode, ApartmentNumber) values (106, 17, '4 Manufacturers Avenue', '20th Floor', 'Richmond', 'Virginia', '4399', 3);
insert into UserAddress (ID, UserID, AddressLine1, AddressLine2, City, State, ZipCode, ApartmentNumber) values (107, 33, '2 Hudson Junction', '20th Floor', 'Saint Paul', 'Minnesota', '5', 11);
insert into UserAddress (ID, UserID, AddressLine1, AddressLine2, City, State, ZipCode, ApartmentNumber) values (108, 50, '2531 Hudson Drive', 'PO Box 38530', 'Shreveport', 'Louisiana', '180', 20);
insert into UserAddress (ID, UserID, AddressLine1, AddressLine2, City, State, ZipCode, ApartmentNumber) values (109, 202, '7734 Dryden Plaza', 'Room 443', 'Odessa', 'Texas', '731', 18);
insert into UserAddress (ID, UserID, AddressLine1, AddressLine2, City, State, ZipCode, ApartmentNumber) values (110, 133, '3 Brentwood Alley', 'Suite 18', 'Seattle', 'Washington', '6946', 1);
insert into UserAddress (ID, UserID, AddressLine1, AddressLine2, City, State, ZipCode, ApartmentNumber) values (111, 192, '777 Morningstar Place', 'Suite 41', 'Seattle', 'Washington', '6', 2);
insert into UserAddress (ID, UserID, AddressLine1, AddressLine2, City, State, ZipCode, ApartmentNumber) values (112, 203, '7 Katie Road', '11th Floor', 'Durham', 'North Carolina', '1496', 10);
insert into UserAddress (ID, UserID, AddressLine1, AddressLine2, City, State, ZipCode, ApartmentNumber) values (113, 70, '439 Moose Trail', 'Room 668', 'Port Washington', 'New York', '4646', 11);
insert into UserAddress (ID, UserID, AddressLine1, AddressLine2, City, State, ZipCode, ApartmentNumber) values (114, 75, '3304 Coleman Park', 'Room 12', 'San Antonio', 'Texas', '7', 17);
insert into UserAddress (ID, UserID, AddressLine1, AddressLine2, City, State, ZipCode, ApartmentNumber) values (115, 212, '9698 Huxley Junction', 'Room 1014', 'Memphis', 'Tennessee', '5', 8);
insert into UserAddress (ID, UserID, AddressLine1, AddressLine2, City, State, ZipCode, ApartmentNumber) values (116, 27, '67473 Mifflin Lane', 'Apt 237', 'Lincoln', 'Nebraska', '56', 20);
insert into UserAddress (ID, UserID, AddressLine1, AddressLine2, City, State, ZipCode, ApartmentNumber) values (117, 30, '4 Blackbird Circle', 'Suite 32', 'Waterbury', 'Connecticut', '0337', 13);
insert into UserAddress (ID, UserID, AddressLine1, AddressLine2, City, State, ZipCode, ApartmentNumber) values (118, 162, '343 Dorton Road', 'Suite 81', 'Greenville', 'South Carolina', '44', 1);
insert into UserAddress (ID, UserID, AddressLine1, AddressLine2, City, State, ZipCode, ApartmentNumber) values (119, 215, '0 Hayes Avenue', 'Room 1347', 'Birmingham', 'Alabama', '6415', 6);
insert into UserAddress (ID, UserID, AddressLine1, AddressLine2, City, State, ZipCode, ApartmentNumber) values (120, 32, '12 Hazelcrest Center', 'PO Box 72138', 'Pasadena', 'Texas', '4', 9);
insert into UserAddress (ID, UserID, AddressLine1, AddressLine2, City, State, ZipCode, ApartmentNumber) values (121, 6, '0 Sloan Plaza', '5th Floor', 'Gainesville', 'Georgia', '91902', 5);
insert into UserAddress (ID, UserID, AddressLine1, AddressLine2, City, State, ZipCode, ApartmentNumber) values (122, 187, '09 Jenifer Parkway', 'Room 523', 'Harrisburg', 'Pennsylvania', '15', 7);
insert into UserAddress (ID, UserID, AddressLine1, AddressLine2, City, State, ZipCode, ApartmentNumber) values (123, 91, '447 Fulton Drive', 'Apt 1485', 'Bradenton', 'Florida', '3', 18);
insert into UserAddress (ID, UserID, AddressLine1, AddressLine2, City, State, ZipCode, ApartmentNumber) values (124, 107, '87 Springview Hill', 'Suite 52', 'Durham', 'North Carolina', '411', 20);
insert into UserAddress (ID, UserID, AddressLine1, AddressLine2, City, State, ZipCode, ApartmentNumber) values (125, 160, '84 8th Pass', 'Suite 68', 'Jackson', 'Mississippi', '29', 18);
insert into UserAddress (ID, UserID, AddressLine1, AddressLine2, City, State, ZipCode, ApartmentNumber) values (126, 142, '45672 Center Place', 'Suite 40', 'Indianapolis', 'Indiana', '0', 13);
insert into UserAddress (ID, UserID, AddressLine1, AddressLine2, City, State, ZipCode, ApartmentNumber) values (127, 16, '91283 Moose Plaza', 'Room 1265', 'Greensboro', 'North Carolina', '489', 7);
insert into UserAddress (ID, UserID, AddressLine1, AddressLine2, City, State, ZipCode, ApartmentNumber) values (128, 99, '63 Hallows Parkway', '18th Floor', 'New York City', 'New York', '695', 21);
insert into UserAddress (ID, UserID, AddressLine1, AddressLine2, City, State, ZipCode, ApartmentNumber) values (129, 100, '4669 Waxwing Plaza', 'Suite 69', 'Birmingham', 'Alabama', '087', 10);
insert into UserAddress (ID, UserID, AddressLine1, AddressLine2, City, State, ZipCode, ApartmentNumber) values (130, 198, '90 Clemons Place', 'PO Box 50497', 'Longview', 'Texas', '9', 11);
insert into UserAddress (ID, UserID, AddressLine1, AddressLine2, City, State, ZipCode, ApartmentNumber) values (131, 97, '451 Corben Avenue', 'Room 1724', 'Boston', 'Massachusetts', '2324', 15);
insert into UserAddress (ID, UserID, AddressLine1, AddressLine2, City, State, ZipCode, ApartmentNumber) values (132, 42, '68 Mccormick Hill', '16th Floor', 'Asheville', 'North Carolina', '35198', 2);
insert into UserAddress (ID, UserID, AddressLine1, AddressLine2, City, State, ZipCode, ApartmentNumber) values (133, 215, '979 Rockefeller Trail', 'Room 1084', 'Erie', 'Pennsylvania', '384', 17);
insert into UserAddress (ID, UserID, AddressLine1, AddressLine2, City, State, ZipCode, ApartmentNumber) values (134, 55, '8030 Moulton Hill', 'Apt 1103', 'Miami', 'Florida', '39546', 2);
insert into UserAddress (ID, UserID, AddressLine1, AddressLine2, City, State, ZipCode, ApartmentNumber) values (135, 199, '51 Springview Pass', 'Apt 1320', 'Melbourne', 'Florida', '2', 13);
insert into UserAddress (ID, UserID, AddressLine1, AddressLine2, City, State, ZipCode, ApartmentNumber) values (136, 110, '72 Vera Place', '11th Floor', 'London', 'Kentucky', '733', 19);
insert into UserAddress (ID, UserID, AddressLine1, AddressLine2, City, State, ZipCode, ApartmentNumber) values (137, 184, '15 Cody Park', '10th Floor', 'Palo Alto', 'California', '0', 18);
insert into UserAddress (ID, UserID, AddressLine1, AddressLine2, City, State, ZipCode, ApartmentNumber) values (138, 40, '5 Manley Way', 'Room 1344', 'Tacoma', 'Washington', '57', 3);
insert into UserAddress (ID, UserID, AddressLine1, AddressLine2, City, State, ZipCode, ApartmentNumber) values (139, 41, '54 Barnett Plaza', '11th Floor', 'San Antonio', 'Texas', '2143', 6);
insert into UserAddress (ID, UserID, AddressLine1, AddressLine2, City, State, ZipCode, ApartmentNumber) values (140, 53, '4877 Granby Center', 'PO Box 45697', 'West Palm Beach', 'Florida', '7928', 2);
insert into UserAddress (ID, UserID, AddressLine1, AddressLine2, City, State, ZipCode, ApartmentNumber) values (141, 193, '09 Veith Center', 'Suite 57', 'Seattle', 'Washington', '030', 6);
insert into UserAddress (ID, UserID, AddressLine1, AddressLine2, City, State, ZipCode, ApartmentNumber) values (142, 221, '5 Pond Plaza', 'Room 1335', 'Phoenix', 'Arizona', '6', 12);
insert into UserAddress (ID, UserID, AddressLine1, AddressLine2, City, State, ZipCode, ApartmentNumber) values (143, 165, '35168 Onsgard Road', 'Apt 1719', 'Atlanta', 'Georgia', '38654', 8);
insert into UserAddress (ID, UserID, AddressLine1, AddressLine2, City, State, ZipCode, ApartmentNumber) values (144, 70, '10038 Washington Junction', 'Room 707', 'Amarillo', 'Texas', '32254', 6);
insert into UserAddress (ID, UserID, AddressLine1, AddressLine2, City, State, ZipCode, ApartmentNumber) values (145, 128, '595 Dovetail Pass', '12th Floor', 'Portland', 'Oregon', '244', 10);
insert into UserAddress (ID, UserID, AddressLine1, AddressLine2, City, State, ZipCode, ApartmentNumber) values (146, 88, '583 Di Loreto Terrace', 'PO Box 63062', 'Waltham', 'Massachusetts', '30', 1);
insert into UserAddress (ID, UserID, AddressLine1, AddressLine2, City, State, ZipCode, ApartmentNumber) values (147, 76, '8508 Canary Plaza', '14th Floor', 'Stockton', 'California', '06431', 15);
insert into UserAddress (ID, UserID, AddressLine1, AddressLine2, City, State, ZipCode, ApartmentNumber) values (148, 11, '3036 Scott Trail', 'PO Box 56679', 'Birmingham', 'Alabama', '9', 5);
insert into UserAddress (ID, UserID, AddressLine1, AddressLine2, City, State, ZipCode, ApartmentNumber) values (149, 181, '652 Springview Hill', 'Apt 753', 'El Paso', 'Texas', '453', 11);
insert into UserAddress (ID, UserID, AddressLine1, AddressLine2, City, State, ZipCode, ApartmentNumber) values (150, 6, '7906 Mariners Cove Way', 'PO Box 57722', 'Amarillo', 'Texas', '3626', 14);
insert into UserAddress (ID, UserID, AddressLine1, AddressLine2, City, State, ZipCode, ApartmentNumber) values (151, 18, '63 Hollow Ridge Alley', 'Apt 1102', 'Manassas', 'Virginia', '695', 15);
insert into UserAddress (ID, UserID, AddressLine1, AddressLine2, City, State, ZipCode, ApartmentNumber) values (152, 24, '2 Upham Avenue', 'Room 1836', 'Minneapolis', 'Minnesota', '27', 8);
insert into UserAddress (ID, UserID, AddressLine1, AddressLine2, City, State, ZipCode, ApartmentNumber) values (153, 96, '3 Del Sol Circle', 'Suite 87', 'Salt Lake City', 'Utah', '89', 10);
insert into UserAddress (ID, UserID, AddressLine1, AddressLine2, City, State, ZipCode, ApartmentNumber) values (154, 132, '17 Montana Hill', '13th Floor', 'Washington', 'District of Columbia', '448', 8);
insert into UserAddress (ID, UserID, AddressLine1, AddressLine2, City, State, ZipCode, ApartmentNumber) values (155, 40, '8 Village Green Circle', '3rd Floor', 'Vero Beach', 'Florida', '347', 4);
insert into UserAddress (ID, UserID, AddressLine1, AddressLine2, City, State, ZipCode, ApartmentNumber) values (156, 26, '1 Walton Crossing', '19th Floor', 'Flint', 'Michigan', '0', 8);
insert into UserAddress (ID, UserID, AddressLine1, AddressLine2, City, State, ZipCode, ApartmentNumber) values (157, 123, '4 Northfield Road', '13th Floor', 'San Antonio', 'Texas', '6', 15);
insert into UserAddress (ID, UserID, AddressLine1, AddressLine2, City, State, ZipCode, ApartmentNumber) values (158, 32, '06551 Armistice Court', 'Apt 1844', 'San Francisco', 'California', '077', 5);
insert into UserAddress (ID, UserID, AddressLine1, AddressLine2, City, State, ZipCode, ApartmentNumber) values (159, 91, '980 Arizona Point', 'PO Box 64586', 'Gainesville', 'Georgia', '641', 6);
insert into UserAddress (ID, UserID, AddressLine1, AddressLine2, City, State, ZipCode, ApartmentNumber) values (160, 141, '00745 Old Shore Center', '19th Floor', 'Chula Vista', 'California', '75568', 14);
insert into UserAddress (ID, UserID, AddressLine1, AddressLine2, City, State, ZipCode, ApartmentNumber) values (161, 42, '60 Lake View Alley', 'PO Box 58044', 'Lake Charles', 'Louisiana', '466', 13);
insert into UserAddress (ID, UserID, AddressLine1, AddressLine2, City, State, ZipCode, ApartmentNumber) values (162, 116, '09 Pierstorff Plaza', 'Room 1934', 'Escondido', 'California', '35', 18);
insert into UserAddress (ID, UserID, AddressLine1, AddressLine2, City, State, ZipCode, ApartmentNumber) values (163, 153, '511 Northland Way', 'Suite 67', 'Chicago', 'Illinois', '0794', 18);
insert into UserAddress (ID, UserID, AddressLine1, AddressLine2, City, State, ZipCode, ApartmentNumber) values (164, 156, '9 Elka Plaza', 'Suite 28', 'Battle Creek', 'Michigan', '23', 5);
insert into UserAddress (ID, UserID, AddressLine1, AddressLine2, City, State, ZipCode, ApartmentNumber) values (165, 103, '8412 Scott Road', 'Apt 327', 'Missoula', 'Montana', '96', 16);
insert into UserAddress (ID, UserID, AddressLine1, AddressLine2, City, State, ZipCode, ApartmentNumber) values (166, 177, '49148 Maryland Pass', 'Apt 1370', 'Reading', 'Pennsylvania', '0', 4);
insert into UserAddress (ID, UserID, AddressLine1, AddressLine2, City, State, ZipCode, ApartmentNumber) values (167, 135, '16 Jackson Drive', 'Apt 1380', 'Paterson', 'New Jersey', '4', 19);
insert into UserAddress (ID, UserID, AddressLine1, AddressLine2, City, State, ZipCode, ApartmentNumber) values (168, 78, '0070 Sutteridge Hill', 'Apt 1519', 'Amarillo', 'Texas', '5', 5);
insert into UserAddress (ID, UserID, AddressLine1, AddressLine2, City, State, ZipCode, ApartmentNumber) values (169, 24, '17117 Red Cloud Crossing', 'Apt 1749', 'Grand Rapids', 'Michigan', '6', 15);
insert into UserAddress (ID, UserID, AddressLine1, AddressLine2, City, State, ZipCode, ApartmentNumber) values (170, 188, '4191 Packers Road', '14th Floor', 'Detroit', 'Michigan', '9', 18);
insert into UserAddress (ID, UserID, AddressLine1, AddressLine2, City, State, ZipCode, ApartmentNumber) values (171, 22, '743 Laurel Street', 'PO Box 42545', 'Houston', 'Texas', '64534', 9);
insert into UserAddress (ID, UserID, AddressLine1, AddressLine2, City, State, ZipCode, ApartmentNumber) values (172, 195, '23737 Veith Way', '6th Floor', 'Memphis', 'Tennessee', '50013', 20);
insert into UserAddress (ID, UserID, AddressLine1, AddressLine2, City, State, ZipCode, ApartmentNumber) values (173, 164, '18961 Di Loreto Way', 'PO Box 90444', 'El Paso', 'Texas', '1', 19);
insert into UserAddress (ID, UserID, AddressLine1, AddressLine2, City, State, ZipCode, ApartmentNumber) values (174, 56, '89 Eggendart Parkway', 'Suite 70', 'El Paso', 'Texas', '8777', 17);
insert into UserAddress (ID, UserID, AddressLine1, AddressLine2, City, State, ZipCode, ApartmentNumber) values (175, 63, '58 Porter Avenue', 'Apt 479', 'Las Vegas', 'Nevada', '830', 10);
insert into UserAddress (ID, UserID, AddressLine1, AddressLine2, City, State, ZipCode, ApartmentNumber) values (176, 143, '48 Ilene Alley', 'Room 123', 'Anaheim', 'California', '7', 5);
insert into UserAddress (ID, UserID, AddressLine1, AddressLine2, City, State, ZipCode, ApartmentNumber) values (177, 183, '6 Texas Way', 'Apt 1404', 'New Orleans', 'Louisiana', '75276', 11);
insert into UserAddress (ID, UserID, AddressLine1, AddressLine2, City, State, ZipCode, ApartmentNumber) values (178, 114, '49 Summit Park', 'Apt 572', 'Montgomery', 'Alabama', '4', 9);
insert into UserAddress (ID, UserID, AddressLine1, AddressLine2, City, State, ZipCode, ApartmentNumber) values (179, 31, '4 Darwin Street', 'PO Box 21974', 'Kansas City', 'Missouri', '144', 12);
insert into UserAddress (ID, UserID, AddressLine1, AddressLine2, City, State, ZipCode, ApartmentNumber) values (180, 105, '5336 Westend Trail', 'Apt 526', 'Denver', 'Colorado', '8', 16);
insert into UserAddress (ID, UserID, AddressLine1, AddressLine2, City, State, ZipCode, ApartmentNumber) values (181, 123, '3490 Sugar Parkway', '19th Floor', 'San Diego', 'California', '7', 9);
insert into UserAddress (ID, UserID, AddressLine1, AddressLine2, City, State, ZipCode, ApartmentNumber) values (182, 112, '68600 Loomis Circle', 'Suite 71', 'Boise', 'Idaho', '65', 20);
insert into UserAddress (ID, UserID, AddressLine1, AddressLine2, City, State, ZipCode, ApartmentNumber) values (183, 225, '15 Coolidge Junction', 'Room 110', 'Schaumburg', 'Illinois', '96922', 20);
insert into UserAddress (ID, UserID, AddressLine1, AddressLine2, City, State, ZipCode, ApartmentNumber) values (184, 249, '3 Westerfield Park', '7th Floor', 'Louisville', 'Kentucky', '7', 12);
insert into UserAddress (ID, UserID, AddressLine1, AddressLine2, City, State, ZipCode, ApartmentNumber) values (185, 224, '6395 Sherman Plaza', 'Room 684', 'Jacksonville', 'Florida', '6', 4);
insert into UserAddress (ID, UserID, AddressLine1, AddressLine2, City, State, ZipCode, ApartmentNumber) values (186, 74, '1 Hoepker Road', 'Apt 1090', 'Pittsburgh', 'Pennsylvania', '2', 14);
insert into UserAddress (ID, UserID, AddressLine1, AddressLine2, City, State, ZipCode, ApartmentNumber) values (187, 148, '2527 Nobel Street', 'PO Box 46768', 'Aurora', 'Colorado', '3232', 10);
insert into UserAddress (ID, UserID, AddressLine1, AddressLine2, City, State, ZipCode, ApartmentNumber) values (188, 180, '5922 Arizona Park', 'Room 576', 'Annapolis', 'Maryland', '3487', 6);
insert into UserAddress (ID, UserID, AddressLine1, AddressLine2, City, State, ZipCode, ApartmentNumber) values (189, 193, '83 Clemons Road', 'Apt 972', 'Montgomery', 'Alabama', '79070', 7);
insert into UserAddress (ID, UserID, AddressLine1, AddressLine2, City, State, ZipCode, ApartmentNumber) values (190, 31, '687 Darwin Circle', 'Apt 1789', 'Houston', 'Texas', '11934', 12);
insert into UserAddress (ID, UserID, AddressLine1, AddressLine2, City, State, ZipCode, ApartmentNumber) values (191, 111, '32732 Glacier Hill Road', 'PO Box 51163', 'Philadelphia', 'Pennsylvania', '7444', 16);
insert into UserAddress (ID, UserID, AddressLine1, AddressLine2, City, State, ZipCode, ApartmentNumber) values (192, 177, '934 Tennessee Alley', 'Suite 99', 'Gainesville', 'Florida', '8744', 15);
insert into UserAddress (ID, UserID, AddressLine1, AddressLine2, City, State, ZipCode, ApartmentNumber) values (193, 40, '8554 Namekagon Place', 'Apt 1669', 'Tampa', 'Florida', '17', 21);
insert into UserAddress (ID, UserID, AddressLine1, AddressLine2, City, State, ZipCode, ApartmentNumber) values (194, 195, '3595 Vermont Parkway', 'PO Box 62120', 'Lancaster', 'Pennsylvania', '8', 5);
insert into UserAddress (ID, UserID, AddressLine1, AddressLine2, City, State, ZipCode, ApartmentNumber) values (195, 24, '17020 Grayhawk Terrace', '3rd Floor', 'Stamford', 'Connecticut', '117', 8);
insert into UserAddress (ID, UserID, AddressLine1, AddressLine2, City, State, ZipCode, ApartmentNumber) values (196, 149, '58022 Sheridan Point', 'Apt 775', 'Chicago', 'Illinois', '191', 20);
insert into UserAddress (ID, UserID, AddressLine1, AddressLine2, City, State, ZipCode, ApartmentNumber) values (197, 10, '725 Nova Court', '5th Floor', 'Migrate', 'Kentucky', '098', 9);
insert into UserAddress (ID, UserID, AddressLine1, AddressLine2, City, State, ZipCode, ApartmentNumber) values (198, 113, '2 Fieldstone Lane', 'Suite 54', 'San Jose', 'California', '5', 9);
insert into UserAddress (ID, UserID, AddressLine1, AddressLine2, City, State, ZipCode, ApartmentNumber) values (199, 7, '6 Upham Point', 'PO Box 13442', 'Durham', 'North Carolina', '623', 16);
insert into UserAddress (ID, UserID, AddressLine1, AddressLine2, City, State, ZipCode, ApartmentNumber) values (200, 222, '74825 Steensland Street', '7th Floor', 'Mobile', 'Alabama', '10', 21);
insert into UserAddress (ID, UserID, AddressLine1, AddressLine2, City, State, ZipCode, ApartmentNumber) values (201, 204, '489 Badeau Plaza', 'Room 410', 'Las Vegas', 'Nevada', '08', 20);
insert into UserAddress (ID, UserID, AddressLine1, AddressLine2, City, State, ZipCode, ApartmentNumber) values (202, 30, '440 Alpine Trail', 'Room 1438', 'Chicago', 'Illinois', '990', 13);
insert into UserAddress (ID, UserID, AddressLine1, AddressLine2, City, State, ZipCode, ApartmentNumber) values (203, 118, '67353 Gale Street', 'Room 317', 'Amarillo', 'Texas', '55', 3);
insert into UserAddress (ID, UserID, AddressLine1, AddressLine2, City, State, ZipCode, ApartmentNumber) values (204, 89, '21 Alpine Plaza', 'Apt 234', 'Charleston', 'West Virginia', '19278', 16);
insert into UserAddress (ID, UserID, AddressLine1, AddressLine2, City, State, ZipCode, ApartmentNumber) values (205, 168, '50742 Northwestern Alley', 'Suite 21', 'Tucson', 'Arizona', '67', 7);
insert into UserAddress (ID, UserID, AddressLine1, AddressLine2, City, State, ZipCode, ApartmentNumber) values (206, 230, '1 Colorado Court', 'Room 961', 'Jamaica', 'New York', '00384', 13);
insert into UserAddress (ID, UserID, AddressLine1, AddressLine2, City, State, ZipCode, ApartmentNumber) values (207, 204, '5079 Fulton Lane', 'Suite 72', 'Dayton', 'Ohio', '867', 11);
insert into UserAddress (ID, UserID, AddressLine1, AddressLine2, City, State, ZipCode, ApartmentNumber) values (208, 222, '15394 Shoshone Plaza', 'Apt 1218', 'Seattle', 'Washington', '1907', 10);
insert into UserAddress (ID, UserID, AddressLine1, AddressLine2, City, State, ZipCode, ApartmentNumber) values (209, 79, '692 Washington Circle', 'Suite 62', 'Chandler', 'Arizona', '6357', 8);
insert into UserAddress (ID, UserID, AddressLine1, AddressLine2, City, State, ZipCode, ApartmentNumber) values (210, 160, '66 Fordem Alley', 'Suite 98', 'Pasadena', 'California', '89622', 13);
insert into UserAddress (ID, UserID, AddressLine1, AddressLine2, City, State, ZipCode, ApartmentNumber) values (211, 171, '21413 Carioca Lane', 'PO Box 32258', 'Bloomington', 'Illinois', '9266', 12);
insert into UserAddress (ID, UserID, AddressLine1, AddressLine2, City, State, ZipCode, ApartmentNumber) values (212, 152, '8 Westend Plaza', 'Apt 1627', 'Bakersfield', 'California', '4', 3);
insert into UserAddress (ID, UserID, AddressLine1, AddressLine2, City, State, ZipCode, ApartmentNumber) values (213, 73, '3870 Thackeray Alley', '18th Floor', 'San Bernardino', 'California', '9975', 7);
insert into UserAddress (ID, UserID, AddressLine1, AddressLine2, City, State, ZipCode, ApartmentNumber) values (214, 2, '8292 Muir Place', 'Apt 449', 'Charlotte', 'North Carolina', '0', 7);
insert into UserAddress (ID, UserID, AddressLine1, AddressLine2, City, State, ZipCode, ApartmentNumber) values (215, 1, '66410 Cambridge Court', '1st Floor', 'Washington', 'District of Columbia', '718', 14);
insert into UserAddress (ID, UserID, AddressLine1, AddressLine2, City, State, ZipCode, ApartmentNumber) values (216, 167, '177 Almo Pass', 'Suite 41', 'Omaha', 'Nebraska', '302', 15);
insert into UserAddress (ID, UserID, AddressLine1, AddressLine2, City, State, ZipCode, ApartmentNumber) values (217, 220, '4155 Crest Line Drive', 'Suite 2', 'Amarillo', 'Texas', '97494', 16);
insert into UserAddress (ID, UserID, AddressLine1, AddressLine2, City, State, ZipCode, ApartmentNumber) values (218, 159, '80 Mendota Place', 'Suite 12', 'Louisville', 'Kentucky', '201', 9);
insert into UserAddress (ID, UserID, AddressLine1, AddressLine2, City, State, ZipCode, ApartmentNumber) values (219, 47, '914 David Trail', 'PO Box 95952', 'Rochester', 'New York', '98', 3);
insert into UserAddress (ID, UserID, AddressLine1, AddressLine2, City, State, ZipCode, ApartmentNumber) values (220, 199, '64456 Eliot Park', 'Suite 3', 'Saint Petersburg', 'Florida', '6', 12);
insert into UserAddress (ID, UserID, AddressLine1, AddressLine2, City, State, ZipCode, ApartmentNumber) values (221, 52, '9 Birchwood Center', 'Room 361', 'Las Vegas', 'Nevada', '7659', 1);
insert into UserAddress (ID, UserID, AddressLine1, AddressLine2, City, State, ZipCode, ApartmentNumber) values (222, 90, '4 Hansons Street', 'Room 1484', 'Saint Petersburg', 'Florida', '18', 20);
insert into UserAddress (ID, UserID, AddressLine1, AddressLine2, City, State, ZipCode, ApartmentNumber) values (223, 28, '384 Moose Court', '19th Floor', 'East Saint Louis', 'Illinois', '04', 19);
insert into UserAddress (ID, UserID, AddressLine1, AddressLine2, City, State, ZipCode, ApartmentNumber) values (224, 1, '65 Waubesa Place', 'PO Box 964', 'Baltimore', 'Maryland', '604', 7);
insert into UserAddress (ID, UserID, AddressLine1, AddressLine2, City, State, ZipCode, ApartmentNumber) values (225, 51, '34796 Mcguire Crossing', 'PO Box 40564', 'Las Vegas', 'Nevada', '36', 13);
insert into UserAddress (ID, UserID, AddressLine1, AddressLine2, City, State, ZipCode, ApartmentNumber) values (226, 158, '458 Crescent Oaks Plaza', 'Suite 36', 'Seattle', 'Washington', '0469', 8);
insert into UserAddress (ID, UserID, AddressLine1, AddressLine2, City, State, ZipCode, ApartmentNumber) values (227, 45, '978 Fallview Drive', 'PO Box 79424', 'Fort Lauderdale', 'Florida', '8598', 14);
insert into UserAddress (ID, UserID, AddressLine1, AddressLine2, City, State, ZipCode, ApartmentNumber) values (228, 226, '74967 Warrior Plaza', 'PO Box 7380', 'Maple Plain', 'Minnesota', '2936', 3);
insert into UserAddress (ID, UserID, AddressLine1, AddressLine2, City, State, ZipCode, ApartmentNumber) values (229, 115, '410 Cardinal Terrace', 'Suite 1', 'Albuquerque', 'New Mexico', '640', 11);
insert into UserAddress (ID, UserID, AddressLine1, AddressLine2, City, State, ZipCode, ApartmentNumber) values (230, 142, '42081 Arrowood Street', 'Apt 379', 'Dayton', 'Ohio', '69979', 14);
insert into UserAddress (ID, UserID, AddressLine1, AddressLine2, City, State, ZipCode, ApartmentNumber) values (231, 224, '2 Bluestem Hill', 'Suite 49', 'Richmond', 'Virginia', '9', 2);
insert into UserAddress (ID, UserID, AddressLine1, AddressLine2, City, State, ZipCode, ApartmentNumber) values (232, 60, '023 Carberry Hill', 'Room 912', 'Bronx', 'New York', '31', 9);
insert into UserAddress (ID, UserID, AddressLine1, AddressLine2, City, State, ZipCode, ApartmentNumber) values (233, 224, '44 Manitowish Drive', '4th Floor', 'Spartanburg', 'South Carolina', '697', 17);
insert into UserAddress (ID, UserID, AddressLine1, AddressLine2, City, State, ZipCode, ApartmentNumber) values (234, 83, '194 Old Shore Pass', 'Suite 73', 'Trenton', 'New Jersey', '6', 10);
insert into UserAddress (ID, UserID, AddressLine1, AddressLine2, City, State, ZipCode, ApartmentNumber) values (235, 236, '02214 Ryan Way', 'PO Box 93237', 'El Paso', 'Texas', '29241', 19);
insert into UserAddress (ID, UserID, AddressLine1, AddressLine2, City, State, ZipCode, ApartmentNumber) values (236, 207, '6 Jana Lane', 'Suite 53', 'Pittsburgh', 'Pennsylvania', '7', 9);
insert into UserAddress (ID, UserID, AddressLine1, AddressLine2, City, State, ZipCode, ApartmentNumber) values (237, 29, '11 Dwight Street', 'Room 461', 'Gatesville', 'Texas', '4087', 4);
insert into UserAddress (ID, UserID, AddressLine1, AddressLine2, City, State, ZipCode, ApartmentNumber) values (238, 138, '2116 East Crossing', 'PO Box 41283', 'Honolulu', 'Hawaii', '9', 17);
insert into UserAddress (ID, UserID, AddressLine1, AddressLine2, City, State, ZipCode, ApartmentNumber) values (239, 185, '4355 Pine View Alley', 'Apt 1180', 'Pompano Beach', 'Florida', '163', 18);
insert into UserAddress (ID, UserID, AddressLine1, AddressLine2, City, State, ZipCode, ApartmentNumber) values (240, 202, '43 Sullivan Park', '13th Floor', 'New Orleans', 'Louisiana', '791', 19);
insert into UserAddress (ID, UserID, AddressLine1, AddressLine2, City, State, ZipCode, ApartmentNumber) values (241, 29, '0 Tennyson Plaza', '18th Floor', 'Topeka', 'Kansas', '8656', 8);
insert into UserAddress (ID, UserID, AddressLine1, AddressLine2, City, State, ZipCode, ApartmentNumber) values (242, 197, '6 Bunting Crossing', 'Suite 46', 'Cumming', 'Georgia', '85569', 17);
insert into UserAddress (ID, UserID, AddressLine1, AddressLine2, City, State, ZipCode, ApartmentNumber) values (243, 54, '67049 Doe Crossing Parkway', 'Apt 480', 'Huntsville', 'Alabama', '77', 20);
insert into UserAddress (ID, UserID, AddressLine1, AddressLine2, City, State, ZipCode, ApartmentNumber) values (244, 156, '3 Clyde Gallagher Place', 'PO Box 815', 'Portland', 'Oregon', '749', 4);
insert into UserAddress (ID, UserID, AddressLine1, AddressLine2, City, State, ZipCode, ApartmentNumber) values (245, 49, '182 Cottonwood Center', 'Room 1159', 'New York City', 'New York', '9', 19);
insert into UserAddress (ID, UserID, AddressLine1, AddressLine2, City, State, ZipCode, ApartmentNumber) values (246, 249, '37 Service Court', 'Suite 8', 'Santa Fe', 'New Mexico', '0392', 9);
insert into UserAddress (ID, UserID, AddressLine1, AddressLine2, City, State, ZipCode, ApartmentNumber) values (247, 51, '94796 Village Trail', 'PO Box 55943', 'Kansas City', 'Missouri', '03', 14);
insert into UserAddress (ID, UserID, AddressLine1, AddressLine2, City, State, ZipCode, ApartmentNumber) values (248, 204, '39 Maple Wood Hill', '10th Floor', 'North Hollywood', 'California', '12', 10);
insert into UserAddress (ID, UserID, AddressLine1, AddressLine2, City, State, ZipCode, ApartmentNumber) values (249, 139, '38321 Sherman Lane', 'Apt 843', 'Wilkes Barre', 'Pennsylvania', '593', 15);
insert into UserAddress (ID, UserID, AddressLine1, AddressLine2, City, State, ZipCode, ApartmentNumber) values (250, 70, '3 Hermina Road', 'PO Box 65715', 'Pocatello', 'Idaho', '1', 3);


insert into HomeAppliances (ID, ApplianceName, ApplianceRating, ApplianceConsumption) values (1, 'Refridgerator', 3.5, 466.85);
insert into HomeAppliances (ID, ApplianceName, ApplianceRating, ApplianceConsumption) values (2, 'Microwave', 1, 641.02);
insert into HomeAppliances (ID, ApplianceName, ApplianceRating, ApplianceConsumption) values (3, 'Television', 3.5, 878.57);
insert into HomeAppliances (ID, ApplianceName, ApplianceRating, ApplianceConsumption) values (4, 'Oven', 1.5, 914.9);
insert into HomeAppliances (ID, ApplianceName, ApplianceRating, ApplianceConsumption) values (5, 'Air Conditioner', 3.5, 966.91);
insert into HomeAppliances (ID, ApplianceName, ApplianceRating, ApplianceConsumption) values (6, 'Refridgerator', 4, 339.01);
insert into HomeAppliances (ID, ApplianceName, ApplianceRating, ApplianceConsumption) values (7, 'Dryer', 2, 746.89);
insert into HomeAppliances (ID, ApplianceName, ApplianceRating, ApplianceConsumption) values (8, 'Dryer', 2.5, 606.25);
insert into HomeAppliances (ID, ApplianceName, ApplianceRating, ApplianceConsumption) values (9, 'Microwave', 1.5, 882.52);
insert into HomeAppliances (ID, ApplianceName, ApplianceRating, ApplianceConsumption) values (10, 'Dishwasher', 2, 150.8);
insert into HomeAppliances (ID, ApplianceName, ApplianceRating, ApplianceConsumption) values (11, 'Dryer', 4.5, 330.92);
insert into HomeAppliances (ID, ApplianceName, ApplianceRating, ApplianceConsumption) values (12, 'Air Conditioner', 1.5, 676.58);
insert into HomeAppliances (ID, ApplianceName, ApplianceRating, ApplianceConsumption) values (13, 'Dryer', 4, 706.23);
insert into HomeAppliances (ID, ApplianceName, ApplianceRating, ApplianceConsumption) values (14, 'Refridgerator', 3, 911.51);
insert into HomeAppliances (ID, ApplianceName, ApplianceRating, ApplianceConsumption) values (15, 'Air Conditioner', 4.5, 363.24);
insert into HomeAppliances (ID, ApplianceName, ApplianceRating, ApplianceConsumption) values (16, 'Microwave', 4, 353.62);
insert into HomeAppliances (ID, ApplianceName, ApplianceRating, ApplianceConsumption) values (17, 'Refridgerator', 2, 730.67);
insert into HomeAppliances (ID, ApplianceName, ApplianceRating, ApplianceConsumption) values (18, 'Dishwasher', 1.5, 628.48);
insert into HomeAppliances (ID, ApplianceName, ApplianceRating, ApplianceConsumption) values (19, 'Dryer', 4, 907.06);
insert into HomeAppliances (ID, ApplianceName, ApplianceRating, ApplianceConsumption) values (20, 'Oven', 3, 495.79);
insert into HomeAppliances (ID, ApplianceName, ApplianceRating, ApplianceConsumption) values (21, 'Television', 2, 794.29);
insert into HomeAppliances (ID, ApplianceName, ApplianceRating, ApplianceConsumption) values (22, 'Refridgerator', 1.5, 561.3);
insert into HomeAppliances (ID, ApplianceName, ApplianceRating, ApplianceConsumption) values (23, 'Refridgerator', 4, 332.22);
insert into HomeAppliances (ID, ApplianceName, ApplianceRating, ApplianceConsumption) values (24, 'Dryer', 3, 964.9);
insert into HomeAppliances (ID, ApplianceName, ApplianceRating, ApplianceConsumption) values (25, 'Dishwasher', 3.5, 982.28);
insert into HomeAppliances (ID, ApplianceName, ApplianceRating, ApplianceConsumption) values (26, 'Television', 2.5, 280.13);
insert into HomeAppliances (ID, ApplianceName, ApplianceRating, ApplianceConsumption) values (27, 'Air Conditioner', 3, 884.73);
insert into HomeAppliances (ID, ApplianceName, ApplianceRating, ApplianceConsumption) values (28, 'Air Conditioner', 1, 374.83);
insert into HomeAppliances (ID, ApplianceName, ApplianceRating, ApplianceConsumption) values (29, 'Dryer', 2.5, 815.83);
insert into HomeAppliances (ID, ApplianceName, ApplianceRating, ApplianceConsumption) values (30, 'Central Heating', 3.5, 662.34);
insert into HomeAppliances (ID, ApplianceName, ApplianceRating, ApplianceConsumption) values (31, 'Central Heating', 1, 255.14);
insert into HomeAppliances (ID, ApplianceName, ApplianceRating, ApplianceConsumption) values (32, 'Dishwasher', 5, 160.28);
insert into HomeAppliances (ID, ApplianceName, ApplianceRating, ApplianceConsumption) values (33, 'Refridgerator', 3, 643.08);
insert into HomeAppliances (ID, ApplianceName, ApplianceRating, ApplianceConsumption) values (34, 'Dishwasher', 3, 969.13);
insert into HomeAppliances (ID, ApplianceName, ApplianceRating, ApplianceConsumption) values (35, 'Dishwasher', 2.5, 665.23);
insert into HomeAppliances (ID, ApplianceName, ApplianceRating, ApplianceConsumption) values (36, 'Refridgerator', 4, 800.58);
insert into HomeAppliances (ID, ApplianceName, ApplianceRating, ApplianceConsumption) values (37, 'Central Heating', 4.5, 688.65);
insert into HomeAppliances (ID, ApplianceName, ApplianceRating, ApplianceConsumption) values (38, 'Refridgerator', 2, 520.05);
insert into HomeAppliances (ID, ApplianceName, ApplianceRating, ApplianceConsumption) values (39, 'Refridgerator', 1, 684.81);
insert into HomeAppliances (ID, ApplianceName, ApplianceRating, ApplianceConsumption) values (40, 'Television', 1, 997.55);
insert into HomeAppliances (ID, ApplianceName, ApplianceRating, ApplianceConsumption) values (41, 'Dryer', 5, 620.38);
insert into HomeAppliances (ID, ApplianceName, ApplianceRating, ApplianceConsumption) values (42, 'Dryer', 5, 225.69);
insert into HomeAppliances (ID, ApplianceName, ApplianceRating, ApplianceConsumption) values (43, 'Microwave', 4, 537.75);
insert into HomeAppliances (ID, ApplianceName, ApplianceRating, ApplianceConsumption) values (44, 'Microwave', 4, 993.66);
insert into HomeAppliances (ID, ApplianceName, ApplianceRating, ApplianceConsumption) values (45, 'Dishwasher', 3.5, 172.69);
insert into HomeAppliances (ID, ApplianceName, ApplianceRating, ApplianceConsumption) values (46, 'Dishwasher', 3, 975.54);
insert into HomeAppliances (ID, ApplianceName, ApplianceRating, ApplianceConsumption) values (47, 'Air Conditioner', 4.5, 332.07);
insert into HomeAppliances (ID, ApplianceName, ApplianceRating, ApplianceConsumption) values (48, 'Television', 4.5, 838.98);
insert into HomeAppliances (ID, ApplianceName, ApplianceRating, ApplianceConsumption) values (49, 'Dryer', 3.5, 388.44);
insert into HomeAppliances (ID, ApplianceName, ApplianceRating, ApplianceConsumption) values (50, 'Microwave', 4, 814.35);
insert into HomeAppliances (ID, ApplianceName, ApplianceRating, ApplianceConsumption) values (51, 'Central Heating', 3, 764.0);
insert into HomeAppliances (ID, ApplianceName, ApplianceRating, ApplianceConsumption) values (52, 'Oven', 4, 373.42);
insert into HomeAppliances (ID, ApplianceName, ApplianceRating, ApplianceConsumption) values (53, 'Central Heating', 4, 715.72);
insert into HomeAppliances (ID, ApplianceName, ApplianceRating, ApplianceConsumption) values (54, 'Oven', 4, 240.37);
insert into HomeAppliances (ID, ApplianceName, ApplianceRating, ApplianceConsumption) values (55, 'Refridgerator', 1, 535.0);
insert into HomeAppliances (ID, ApplianceName, ApplianceRating, ApplianceConsumption) values (56, 'Microwave', 2.5, 206.65);
insert into HomeAppliances (ID, ApplianceName, ApplianceRating, ApplianceConsumption) values (57, 'Refridgerator', 5, 754.22);
insert into HomeAppliances (ID, ApplianceName, ApplianceRating, ApplianceConsumption) values (58, 'Microwave', 2, 432.37);
insert into HomeAppliances (ID, ApplianceName, ApplianceRating, ApplianceConsumption) values (59, 'Refridgerator', 1.5, 414.62);
insert into HomeAppliances (ID, ApplianceName, ApplianceRating, ApplianceConsumption) values (60, 'Television', 4.5, 916.19);
insert into HomeAppliances (ID, ApplianceName, ApplianceRating, ApplianceConsumption) values (61, 'Microwave', 5, 715.86);
insert into HomeAppliances (ID, ApplianceName, ApplianceRating, ApplianceConsumption) values (62, 'Dishwasher', 3, 468.62);
insert into HomeAppliances (ID, ApplianceName, ApplianceRating, ApplianceConsumption) values (63, 'Dishwasher', 3, 397.93);
insert into HomeAppliances (ID, ApplianceName, ApplianceRating, ApplianceConsumption) values (64, 'Refridgerator', 5, 767.28);
insert into HomeAppliances (ID, ApplianceName, ApplianceRating, ApplianceConsumption) values (65, 'Dishwasher', 3, 432.04);
insert into HomeAppliances (ID, ApplianceName, ApplianceRating, ApplianceConsumption) values (66, 'Dishwasher', 4.5, 563.45);
insert into HomeAppliances (ID, ApplianceName, ApplianceRating, ApplianceConsumption) values (67, 'Dishwasher', 1, 497.89);
insert into HomeAppliances (ID, ApplianceName, ApplianceRating, ApplianceConsumption) values (68, 'Oven', 2.5, 544.05);
insert into HomeAppliances (ID, ApplianceName, ApplianceRating, ApplianceConsumption) values (69, 'Dryer', 3.5, 406.17);
insert into HomeAppliances (ID, ApplianceName, ApplianceRating, ApplianceConsumption) values (70, 'Air Conditioner', 2.5, 973.5);
insert into HomeAppliances (ID, ApplianceName, ApplianceRating, ApplianceConsumption) values (71, 'Dishwasher', 1, 319.14);
insert into HomeAppliances (ID, ApplianceName, ApplianceRating, ApplianceConsumption) values (72, 'Refridgerator', 2.5, 171.13);
insert into HomeAppliances (ID, ApplianceName, ApplianceRating, ApplianceConsumption) values (73, 'Air Conditioner', 1, 306.49);
insert into HomeAppliances (ID, ApplianceName, ApplianceRating, ApplianceConsumption) values (74, 'Dryer', 1.5, 864.21);
insert into HomeAppliances (ID, ApplianceName, ApplianceRating, ApplianceConsumption) values (75, 'Television', 3.5, 698.82);
insert into HomeAppliances (ID, ApplianceName, ApplianceRating, ApplianceConsumption) values (76, 'Air Conditioner', 1.5, 398.78);
insert into HomeAppliances (ID, ApplianceName, ApplianceRating, ApplianceConsumption) values (77, 'Television', 2.5, 332.3);
insert into HomeAppliances (ID, ApplianceName, ApplianceRating, ApplianceConsumption) values (78, 'Oven', 4, 588.42);
insert into HomeAppliances (ID, ApplianceName, ApplianceRating, ApplianceConsumption) values (79, 'Refridgerator', 2.5, 656.86);
insert into HomeAppliances (ID, ApplianceName, ApplianceRating, ApplianceConsumption) values (80, 'Dryer', 3.5, 233.31);
insert into HomeAppliances (ID, ApplianceName, ApplianceRating, ApplianceConsumption) values (81, 'Oven', 1, 472.86);
insert into HomeAppliances (ID, ApplianceName, ApplianceRating, ApplianceConsumption) values (82, 'Air Conditioner', 2.5, 471.58);
insert into HomeAppliances (ID, ApplianceName, ApplianceRating, ApplianceConsumption) values (83, 'Dryer', 3.5, 667.87);
insert into HomeAppliances (ID, ApplianceName, ApplianceRating, ApplianceConsumption) values (84, 'Television', 3, 263.99);
insert into HomeAppliances (ID, ApplianceName, ApplianceRating, ApplianceConsumption) values (85, 'Microwave', 4, 261.3);
insert into HomeAppliances (ID, ApplianceName, ApplianceRating, ApplianceConsumption) values (86, 'Television', 1.5, 758.6);
insert into HomeAppliances (ID, ApplianceName, ApplianceRating, ApplianceConsumption) values (87, 'Microwave', 2.5, 857.05);
insert into HomeAppliances (ID, ApplianceName, ApplianceRating, ApplianceConsumption) values (88, 'Central Heating', 2.5, 388.91);
insert into HomeAppliances (ID, ApplianceName, ApplianceRating, ApplianceConsumption) values (89, 'Oven', 4.5, 851.29);
insert into HomeAppliances (ID, ApplianceName, ApplianceRating, ApplianceConsumption) values (90, 'Dishwasher', 2, 767.44);
insert into HomeAppliances (ID, ApplianceName, ApplianceRating, ApplianceConsumption) values (91, 'Central Heating', 4, 464.26);
insert into HomeAppliances (ID, ApplianceName, ApplianceRating, ApplianceConsumption) values (92, 'Oven', 3.5, 445.27);
insert into HomeAppliances (ID, ApplianceName, ApplianceRating, ApplianceConsumption) values (93, 'Air Conditioner', 2.5, 407.96);
insert into HomeAppliances (ID, ApplianceName, ApplianceRating, ApplianceConsumption) values (94, 'Microwave', 3, 240.76);
insert into HomeAppliances (ID, ApplianceName, ApplianceRating, ApplianceConsumption) values (95, 'Microwave', 4, 431.68);
insert into HomeAppliances (ID, ApplianceName, ApplianceRating, ApplianceConsumption) values (96, 'Microwave', 3, 993.4);
insert into HomeAppliances (ID, ApplianceName, ApplianceRating, ApplianceConsumption) values (97, 'Oven', 4, 303.05);
insert into HomeAppliances (ID, ApplianceName, ApplianceRating, ApplianceConsumption) values (98, 'Dryer', 1.5, 651.29);
insert into HomeAppliances (ID, ApplianceName, ApplianceRating, ApplianceConsumption) values (99, 'Air Conditioner', 2.5, 765.32);
insert into HomeAppliances (ID, ApplianceName, ApplianceRating, ApplianceConsumption) values (100, 'Television', 2, 745.89);
insert into HomeAppliances (ID, ApplianceName, ApplianceRating, ApplianceConsumption) values (101, 'Central Heating', 4.5, 157.35);
insert into HomeAppliances (ID, ApplianceName, ApplianceRating, ApplianceConsumption) values (102, 'Oven', 3.5, 424.33);
insert into HomeAppliances (ID, ApplianceName, ApplianceRating, ApplianceConsumption) values (103, 'Oven', 4.5, 868.38);
insert into HomeAppliances (ID, ApplianceName, ApplianceRating, ApplianceConsumption) values (104, 'Dryer', 3, 682.14);
insert into HomeAppliances (ID, ApplianceName, ApplianceRating, ApplianceConsumption) values (105, 'Dryer', 4.5, 245.01);
insert into HomeAppliances (ID, ApplianceName, ApplianceRating, ApplianceConsumption) values (106, 'Central Heating', 2, 916.56);
insert into HomeAppliances (ID, ApplianceName, ApplianceRating, ApplianceConsumption) values (107, 'Central Heating', 5, 480.94);
insert into HomeAppliances (ID, ApplianceName, ApplianceRating, ApplianceConsumption) values (108, 'Air Conditioner', 1.5, 349.37);
insert into HomeAppliances (ID, ApplianceName, ApplianceRating, ApplianceConsumption) values (109, 'Refridgerator', 3.5, 496.92);
insert into HomeAppliances (ID, ApplianceName, ApplianceRating, ApplianceConsumption) values (110, 'Dishwasher', 3.5, 722.47);
insert into HomeAppliances (ID, ApplianceName, ApplianceRating, ApplianceConsumption) values (111, 'Dryer', 2, 397.82);
insert into HomeAppliances (ID, ApplianceName, ApplianceRating, ApplianceConsumption) values (112, 'Air Conditioner', 2, 915.4);
insert into HomeAppliances (ID, ApplianceName, ApplianceRating, ApplianceConsumption) values (113, 'Refridgerator', 2.5, 768.85);
insert into HomeAppliances (ID, ApplianceName, ApplianceRating, ApplianceConsumption) values (114, 'Microwave', 4.5, 894.71);
insert into HomeAppliances (ID, ApplianceName, ApplianceRating, ApplianceConsumption) values (115, 'Central Heating', 2, 600.41);
insert into HomeAppliances (ID, ApplianceName, ApplianceRating, ApplianceConsumption) values (116, 'Dryer', 4.5, 591.34);
insert into HomeAppliances (ID, ApplianceName, ApplianceRating, ApplianceConsumption) values (117, 'Television', 4.5, 595.21);
insert into HomeAppliances (ID, ApplianceName, ApplianceRating, ApplianceConsumption) values (118, 'Dishwasher', 5, 655.18);
insert into HomeAppliances (ID, ApplianceName, ApplianceRating, ApplianceConsumption) values (119, 'Central Heating', 1, 899.25);
insert into HomeAppliances (ID, ApplianceName, ApplianceRating, ApplianceConsumption) values (120, 'Air Conditioner', 1.5, 610.04);
insert into HomeAppliances (ID, ApplianceName, ApplianceRating, ApplianceConsumption) values (121, 'Air Conditioner', 4, 521.14);
insert into HomeAppliances (ID, ApplianceName, ApplianceRating, ApplianceConsumption) values (122, 'Microwave', 3, 560.28);
insert into HomeAppliances (ID, ApplianceName, ApplianceRating, ApplianceConsumption) values (123, 'Refridgerator', 3.5, 196.4);
insert into HomeAppliances (ID, ApplianceName, ApplianceRating, ApplianceConsumption) values (124, 'Air Conditioner', 2, 526.12);
insert into HomeAppliances (ID, ApplianceName, ApplianceRating, ApplianceConsumption) values (125, 'Refridgerator', 4, 245.84);
insert into HomeAppliances (ID, ApplianceName, ApplianceRating, ApplianceConsumption) values (126, 'Television', 1.5, 270.65);
insert into HomeAppliances (ID, ApplianceName, ApplianceRating, ApplianceConsumption) values (127, 'Dryer', 2.5, 600.33);
insert into HomeAppliances (ID, ApplianceName, ApplianceRating, ApplianceConsumption) values (128, 'Television', 3, 952.05);
insert into HomeAppliances (ID, ApplianceName, ApplianceRating, ApplianceConsumption) values (129, 'Dishwasher', 1, 889.87);
insert into HomeAppliances (ID, ApplianceName, ApplianceRating, ApplianceConsumption) values (130, 'Refridgerator', 3.5, 474.1);
insert into HomeAppliances (ID, ApplianceName, ApplianceRating, ApplianceConsumption) values (131, 'Refridgerator', 3, 779.73);
insert into HomeAppliances (ID, ApplianceName, ApplianceRating, ApplianceConsumption) values (132, 'Dryer', 3, 875.99);
insert into HomeAppliances (ID, ApplianceName, ApplianceRating, ApplianceConsumption) values (133, 'Refridgerator', 1.5, 244.88);
insert into HomeAppliances (ID, ApplianceName, ApplianceRating, ApplianceConsumption) values (134, 'Air Conditioner', 3.5, 499.6);
insert into HomeAppliances (ID, ApplianceName, ApplianceRating, ApplianceConsumption) values (135, 'Oven', 3, 777.18);
insert into HomeAppliances (ID, ApplianceName, ApplianceRating, ApplianceConsumption) values (136, 'Dryer', 3, 544.8);
insert into HomeAppliances (ID, ApplianceName, ApplianceRating, ApplianceConsumption) values (137, 'Dishwasher', 1, 435.1);
insert into HomeAppliances (ID, ApplianceName, ApplianceRating, ApplianceConsumption) values (138, 'Microwave', 3, 276.67);
insert into HomeAppliances (ID, ApplianceName, ApplianceRating, ApplianceConsumption) values (139, 'Dryer', 4.5, 666.7);
insert into HomeAppliances (ID, ApplianceName, ApplianceRating, ApplianceConsumption) values (140, 'Oven', 4.5, 687.72);
insert into HomeAppliances (ID, ApplianceName, ApplianceRating, ApplianceConsumption) values (141, 'Oven', 1.5, 993.88);
insert into HomeAppliances (ID, ApplianceName, ApplianceRating, ApplianceConsumption) values (142, 'Oven', 3.5, 899.47);
insert into HomeAppliances (ID, ApplianceName, ApplianceRating, ApplianceConsumption) values (143, 'Air Conditioner', 1.5, 163.63);
insert into HomeAppliances (ID, ApplianceName, ApplianceRating, ApplianceConsumption) values (144, 'Dryer', 1.5, 295.04);
insert into HomeAppliances (ID, ApplianceName, ApplianceRating, ApplianceConsumption) values (145, 'Dishwasher', 1, 829.42);
insert into HomeAppliances (ID, ApplianceName, ApplianceRating, ApplianceConsumption) values (146, 'Refridgerator', 3, 637.19);
insert into HomeAppliances (ID, ApplianceName, ApplianceRating, ApplianceConsumption) values (147, 'Television', 2, 701.66);
insert into HomeAppliances (ID, ApplianceName, ApplianceRating, ApplianceConsumption) values (148, 'Dryer', 4.5, 199.7);
insert into HomeAppliances (ID, ApplianceName, ApplianceRating, ApplianceConsumption) values (149, 'Central Heating', 3, 969.31);
insert into HomeAppliances (ID, ApplianceName, ApplianceRating, ApplianceConsumption) values (150, 'Refridgerator', 2, 345.28);
insert into HomeAppliances (ID, ApplianceName, ApplianceRating, ApplianceConsumption) values (151, 'Oven', 4, 539.3);
insert into HomeAppliances (ID, ApplianceName, ApplianceRating, ApplianceConsumption) values (152, 'Air Conditioner', 1.5, 283.37);
insert into HomeAppliances (ID, ApplianceName, ApplianceRating, ApplianceConsumption) values (153, 'Central Heating', 3.5, 275.14);
insert into HomeAppliances (ID, ApplianceName, ApplianceRating, ApplianceConsumption) values (154, 'Microwave', 2.5, 415.03);
insert into HomeAppliances (ID, ApplianceName, ApplianceRating, ApplianceConsumption) values (155, 'Dishwasher', 4, 922.4);
insert into HomeAppliances (ID, ApplianceName, ApplianceRating, ApplianceConsumption) values (156, 'Oven', 2.5, 173.46);
insert into HomeAppliances (ID, ApplianceName, ApplianceRating, ApplianceConsumption) values (157, 'Dishwasher', 4.5, 497.56);
insert into HomeAppliances (ID, ApplianceName, ApplianceRating, ApplianceConsumption) values (158, 'Refridgerator', 2.5, 234.77);
insert into HomeAppliances (ID, ApplianceName, ApplianceRating, ApplianceConsumption) values (159, 'Dishwasher', 2.5, 971.73);
insert into HomeAppliances (ID, ApplianceName, ApplianceRating, ApplianceConsumption) values (160, 'Oven', 1.5, 152.86);
insert into HomeAppliances (ID, ApplianceName, ApplianceRating, ApplianceConsumption) values (161, 'Central Heating', 4.5, 210.94);
insert into HomeAppliances (ID, ApplianceName, ApplianceRating, ApplianceConsumption) values (162, 'Television', 3.5, 186.97);
insert into HomeAppliances (ID, ApplianceName, ApplianceRating, ApplianceConsumption) values (163, 'Dryer', 2, 657.76);
insert into HomeAppliances (ID, ApplianceName, ApplianceRating, ApplianceConsumption) values (164, 'Dryer', 2.5, 753.4);
insert into HomeAppliances (ID, ApplianceName, ApplianceRating, ApplianceConsumption) values (165, 'Oven', 3.5, 691.99);
insert into HomeAppliances (ID, ApplianceName, ApplianceRating, ApplianceConsumption) values (166, 'Oven', 5, 322.42);
insert into HomeAppliances (ID, ApplianceName, ApplianceRating, ApplianceConsumption) values (167, 'Dryer', 3, 405.85);
insert into HomeAppliances (ID, ApplianceName, ApplianceRating, ApplianceConsumption) values (168, 'Microwave', 4, 922.35);
insert into HomeAppliances (ID, ApplianceName, ApplianceRating, ApplianceConsumption) values (169, 'Microwave', 3, 578.38);
insert into HomeAppliances (ID, ApplianceName, ApplianceRating, ApplianceConsumption) values (170, 'Dishwasher', 4, 857.59);
insert into HomeAppliances (ID, ApplianceName, ApplianceRating, ApplianceConsumption) values (171, 'Central Heating', 3.5, 729.18);
insert into HomeAppliances (ID, ApplianceName, ApplianceRating, ApplianceConsumption) values (172, 'Microwave', 4.5, 646.37);
insert into HomeAppliances (ID, ApplianceName, ApplianceRating, ApplianceConsumption) values (173, 'Dishwasher', 2, 534.35);
insert into HomeAppliances (ID, ApplianceName, ApplianceRating, ApplianceConsumption) values (174, 'Dryer', 3, 907.68);
insert into HomeAppliances (ID, ApplianceName, ApplianceRating, ApplianceConsumption) values (175, 'Air Conditioner', 1.5, 833.85);
insert into HomeAppliances (ID, ApplianceName, ApplianceRating, ApplianceConsumption) values (176, 'Television', 3.5, 562.5);
insert into HomeAppliances (ID, ApplianceName, ApplianceRating, ApplianceConsumption) values (177, 'Television', 3, 666.54);
insert into HomeAppliances (ID, ApplianceName, ApplianceRating, ApplianceConsumption) values (178, 'Dishwasher', 1, 992.84);
insert into HomeAppliances (ID, ApplianceName, ApplianceRating, ApplianceConsumption) values (179, 'Dryer', 3.5, 451.58);
insert into HomeAppliances (ID, ApplianceName, ApplianceRating, ApplianceConsumption) values (180, 'Microwave', 4, 562.07);
insert into HomeAppliances (ID, ApplianceName, ApplianceRating, ApplianceConsumption) values (181, 'Television', 4, 486.91);
insert into HomeAppliances (ID, ApplianceName, ApplianceRating, ApplianceConsumption) values (182, 'Dryer', 2, 180.06);
insert into HomeAppliances (ID, ApplianceName, ApplianceRating, ApplianceConsumption) values (183, 'Television', 4, 788.82);
insert into HomeAppliances (ID, ApplianceName, ApplianceRating, ApplianceConsumption) values (184, 'Central Heating', 3.5, 690.85);
insert into HomeAppliances (ID, ApplianceName, ApplianceRating, ApplianceConsumption) values (185, 'Dishwasher', 3, 436.84);
insert into HomeAppliances (ID, ApplianceName, ApplianceRating, ApplianceConsumption) values (186, 'Air Conditioner', 2, 232.12);
insert into HomeAppliances (ID, ApplianceName, ApplianceRating, ApplianceConsumption) values (187, 'Dryer', 2, 338.39);
insert into HomeAppliances (ID, ApplianceName, ApplianceRating, ApplianceConsumption) values (188, 'Dishwasher', 3.5, 235.89);
insert into HomeAppliances (ID, ApplianceName, ApplianceRating, ApplianceConsumption) values (189, 'Refridgerator', 4, 678.42);
insert into HomeAppliances (ID, ApplianceName, ApplianceRating, ApplianceConsumption) values (190, 'Refridgerator', 3, 306.11);
insert into HomeAppliances (ID, ApplianceName, ApplianceRating, ApplianceConsumption) values (191, 'Dryer', 4.5, 881.98);
insert into HomeAppliances (ID, ApplianceName, ApplianceRating, ApplianceConsumption) values (192, 'Central Heating', 2, 288.2);
insert into HomeAppliances (ID, ApplianceName, ApplianceRating, ApplianceConsumption) values (193, 'Dryer', 3, 825.2);
insert into HomeAppliances (ID, ApplianceName, ApplianceRating, ApplianceConsumption) values (194, 'Dishwasher', 3.5, 613.21);
insert into HomeAppliances (ID, ApplianceName, ApplianceRating, ApplianceConsumption) values (195, 'Dishwasher', 4.5, 188.29);
insert into HomeAppliances (ID, ApplianceName, ApplianceRating, ApplianceConsumption) values (196, 'Central Heating', 2, 884.58);
insert into HomeAppliances (ID, ApplianceName, ApplianceRating, ApplianceConsumption) values (197, 'Central Heating', 1, 993.11);
insert into HomeAppliances (ID, ApplianceName, ApplianceRating, ApplianceConsumption) values (198, 'Air Conditioner', 4.5, 326.48);
insert into HomeAppliances (ID, ApplianceName, ApplianceRating, ApplianceConsumption) values (199, 'Oven', 3.5, 575.05);
insert into HomeAppliances (ID, ApplianceName, ApplianceRating, ApplianceConsumption) values (200, 'Air Conditioner', 1.5, 797.84);
insert into HomeAppliances (ID, ApplianceName, ApplianceRating, ApplianceConsumption) values (201, 'Central Heating', 2, 364.59);
insert into HomeAppliances (ID, ApplianceName, ApplianceRating, ApplianceConsumption) values (202, 'Television', 4, 827.48);
insert into HomeAppliances (ID, ApplianceName, ApplianceRating, ApplianceConsumption) values (203, 'Television', 4.5, 206.73);
insert into HomeAppliances (ID, ApplianceName, ApplianceRating, ApplianceConsumption) values (204, 'Microwave', 3.5, 605.07);
insert into HomeAppliances (ID, ApplianceName, ApplianceRating, ApplianceConsumption) values (205, 'Dryer', 1.5, 380.15);
insert into HomeAppliances (ID, ApplianceName, ApplianceRating, ApplianceConsumption) values (206, 'Central Heating', 5, 618.27);
insert into HomeAppliances (ID, ApplianceName, ApplianceRating, ApplianceConsumption) values (207, 'Dryer', 1, 237.9);
insert into HomeAppliances (ID, ApplianceName, ApplianceRating, ApplianceConsumption) values (208, 'Air Conditioner', 2.5, 216.73);
insert into HomeAppliances (ID, ApplianceName, ApplianceRating, ApplianceConsumption) values (209, 'Dishwasher', 2, 560.28);
insert into HomeAppliances (ID, ApplianceName, ApplianceRating, ApplianceConsumption) values (210, 'Oven', 4.5, 834.45);
insert into HomeAppliances (ID, ApplianceName, ApplianceRating, ApplianceConsumption) values (211, 'Microwave', 4, 191.28);
insert into HomeAppliances (ID, ApplianceName, ApplianceRating, ApplianceConsumption) values (212, 'Television', 1.5, 423.6);
insert into HomeAppliances (ID, ApplianceName, ApplianceRating, ApplianceConsumption) values (213, 'Television', 2, 500.28);
insert into HomeAppliances (ID, ApplianceName, ApplianceRating, ApplianceConsumption) values (214, 'Air Conditioner', 2.5, 215.45);
insert into HomeAppliances (ID, ApplianceName, ApplianceRating, ApplianceConsumption) values (215, 'Central Heating', 3.5, 859.78);
insert into HomeAppliances (ID, ApplianceName, ApplianceRating, ApplianceConsumption) values (216, 'Air Conditioner', 2, 602.96);
insert into HomeAppliances (ID, ApplianceName, ApplianceRating, ApplianceConsumption) values (217, 'Television', 4.5, 417.5);
insert into HomeAppliances (ID, ApplianceName, ApplianceRating, ApplianceConsumption) values (218, 'Dryer', 1.5, 602.24);
insert into HomeAppliances (ID, ApplianceName, ApplianceRating, ApplianceConsumption) values (219, 'Central Heating', 3, 728.72);
insert into HomeAppliances (ID, ApplianceName, ApplianceRating, ApplianceConsumption) values (220, 'Oven', 1.5, 874.43);
insert into HomeAppliances (ID, ApplianceName, ApplianceRating, ApplianceConsumption) values (221, 'Air Conditioner', 1.5, 680.38);
insert into HomeAppliances (ID, ApplianceName, ApplianceRating, ApplianceConsumption) values (222, 'Air Conditioner', 3, 887.18);
insert into HomeAppliances (ID, ApplianceName, ApplianceRating, ApplianceConsumption) values (223, 'Oven', 3.5, 760.22);
insert into HomeAppliances (ID, ApplianceName, ApplianceRating, ApplianceConsumption) values (224, 'Dryer', 2, 405.1);
insert into HomeAppliances (ID, ApplianceName, ApplianceRating, ApplianceConsumption) values (225, 'Microwave', 1.5, 582.98);
insert into HomeAppliances (ID, ApplianceName, ApplianceRating, ApplianceConsumption) values (226, 'Refridgerator', 5, 553.76);
insert into HomeAppliances (ID, ApplianceName, ApplianceRating, ApplianceConsumption) values (227, 'Dryer', 3, 518.3);
insert into HomeAppliances (ID, ApplianceName, ApplianceRating, ApplianceConsumption) values (228, 'Microwave', 4, 711.25);
insert into HomeAppliances (ID, ApplianceName, ApplianceRating, ApplianceConsumption) values (229, 'Dryer', 1, 782.64);
insert into HomeAppliances (ID, ApplianceName, ApplianceRating, ApplianceConsumption) values (230, 'Microwave', 4, 627.13);
insert into HomeAppliances (ID, ApplianceName, ApplianceRating, ApplianceConsumption) values (231, 'Oven', 2, 412.7);
insert into HomeAppliances (ID, ApplianceName, ApplianceRating, ApplianceConsumption) values (232, 'Dryer', 5, 714.81);
insert into HomeAppliances (ID, ApplianceName, ApplianceRating, ApplianceConsumption) values (233, 'Oven', 2, 765.21);
insert into HomeAppliances (ID, ApplianceName, ApplianceRating, ApplianceConsumption) values (234, 'Dryer', 1.5, 914.0);
insert into HomeAppliances (ID, ApplianceName, ApplianceRating, ApplianceConsumption) values (235, 'Television', 3.5, 438.34);
insert into HomeAppliances (ID, ApplianceName, ApplianceRating, ApplianceConsumption) values (236, 'Oven', 4, 418.48);
insert into HomeAppliances (ID, ApplianceName, ApplianceRating, ApplianceConsumption) values (237, 'Dryer', 3.5, 727.56);
insert into HomeAppliances (ID, ApplianceName, ApplianceRating, ApplianceConsumption) values (238, 'Dryer', 2, 548.8);
insert into HomeAppliances (ID, ApplianceName, ApplianceRating, ApplianceConsumption) values (239, 'Dishwasher', 2.5, 468.7);
insert into HomeAppliances (ID, ApplianceName, ApplianceRating, ApplianceConsumption) values (240, 'Dishwasher', 2.5, 164.39);
insert into HomeAppliances (ID, ApplianceName, ApplianceRating, ApplianceConsumption) values (241, 'Dishwasher', 4.5, 460.13);
insert into HomeAppliances (ID, ApplianceName, ApplianceRating, ApplianceConsumption) values (242, 'Refridgerator', 4, 465.02);
insert into HomeAppliances (ID, ApplianceName, ApplianceRating, ApplianceConsumption) values (243, 'Central Heating', 2, 886.47);
insert into HomeAppliances (ID, ApplianceName, ApplianceRating, ApplianceConsumption) values (244, 'Oven', 4, 159.15);
insert into HomeAppliances (ID, ApplianceName, ApplianceRating, ApplianceConsumption) values (245, 'Dishwasher', 3, 922.76);
insert into HomeAppliances (ID, ApplianceName, ApplianceRating, ApplianceConsumption) values (246, 'Microwave', 2, 670.58);
insert into HomeAppliances (ID, ApplianceName, ApplianceRating, ApplianceConsumption) values (247, 'Television', 3.5, 155.74);
insert into HomeAppliances (ID, ApplianceName, ApplianceRating, ApplianceConsumption) values (248, 'Dishwasher', 4.5, 973.49);
insert into HomeAppliances (ID, ApplianceName, ApplianceRating, ApplianceConsumption) values (249, 'Refridgerator', 3.5, 528.26);
insert into HomeAppliances (ID, ApplianceName, ApplianceRating, ApplianceConsumption) values (250, 'Dishwasher', 3.5, 781.74);


insert into BillHistory (ID, AddressID, FromDate, ToDate, ElectricityAmount, GasAmount) values (1, 29, '2020-09-24 08:48:01', '2020-11-24 08:48:01', 97.66, 100.09);
insert into BillHistory (ID, AddressID, FromDate, ToDate, ElectricityAmount, GasAmount) values (2, 91, '2020-12-18 05:06:11', '2021-03-18 05:06:11', 69.29, 63.02);
insert into BillHistory (ID, AddressID, FromDate, ToDate, ElectricityAmount, GasAmount) values (3, 241, '2022-06-07 02:39:12', '2022-12-07 02:39:12', 354.28, 520.81);
insert into BillHistory (ID, AddressID, FromDate, ToDate, ElectricityAmount, GasAmount) values (4, 212, '2022-09-08 21:51:26', '2023-01-08 21:51:26', 342.11, 107.27);
insert into BillHistory (ID, AddressID, FromDate, ToDate, ElectricityAmount, GasAmount) values (5, 12, '2021-05-19 19:16:52', '2021-10-19 19:16:52', 288.77, 300.78);
insert into BillHistory (ID, AddressID, FromDate, ToDate, ElectricityAmount, GasAmount) values (6, 89, '2022-03-13 11:44:51', '2022-06-13 11:44:51', 394.84, 60.86);
insert into BillHistory (ID, AddressID, FromDate, ToDate, ElectricityAmount, GasAmount) values (7, 25, '2020-05-19 11:04:10', '2020-06-19 11:04:10', 260.53, 542.87);
insert into BillHistory (ID, AddressID, FromDate, ToDate, ElectricityAmount, GasAmount) values (8, 2, '2021-10-10 06:33:26', '2022-02-10 06:33:26', 458.62, 135.59);
insert into BillHistory (ID, AddressID, FromDate, ToDate, ElectricityAmount, GasAmount) values (9, 234, '2021-04-26 16:28:43', '2021-08-26 16:28:43', 231.2, 492.64);
insert into BillHistory (ID, AddressID, FromDate, ToDate, ElectricityAmount, GasAmount) values (10, 68, '2021-03-30 18:22:32', '2021-05-30 18:22:32', 216.86, 37.06);
insert into BillHistory (ID, AddressID, FromDate, ToDate, ElectricityAmount, GasAmount) values (11, 135, '2021-06-05 02:39:49', '2021-11-05 02:39:49', 433.68, 182.11);
insert into BillHistory (ID, AddressID, FromDate, ToDate, ElectricityAmount, GasAmount) values (12, 26, '2022-09-19 11:48:30', '2023-03-19 11:48:30', 114.15, 507.36);
insert into BillHistory (ID, AddressID, FromDate, ToDate, ElectricityAmount, GasAmount) values (13, 173, '2021-11-25 22:18:53', '2022-01-25 22:18:53', 34.21, 121.47);
insert into BillHistory (ID, AddressID, FromDate, ToDate, ElectricityAmount, GasAmount) values (14, 20, '2020-11-26 05:15:23', '2021-03-26 05:15:23', 208.11, 135.7);
insert into BillHistory (ID, AddressID, FromDate, ToDate, ElectricityAmount, GasAmount) values (15, 12, '2020-05-05 11:51:55', '2020-08-05 11:51:55', 221.32, 104.75);
insert into BillHistory (ID, AddressID, FromDate, ToDate, ElectricityAmount, GasAmount) values (16, 97, '2020-07-10 15:55:55', '2020-11-10 15:55:55', 246.36, 511.32);
insert into BillHistory (ID, AddressID, FromDate, ToDate, ElectricityAmount, GasAmount) values (17, 81, '2021-05-18 22:37:51', '2021-09-18 22:37:51', 84.41, 529.09);
insert into BillHistory (ID, AddressID, FromDate, ToDate, ElectricityAmount, GasAmount) values (18, 140, '2020-03-29 08:09:00', '2020-04-29 08:09:00', 267.4, 74.72);
insert into BillHistory (ID, AddressID, FromDate, ToDate, ElectricityAmount, GasAmount) values (19, 246, '2023-04-12 21:47:51', '2023-08-12 21:47:51', 246.74, 132.26);
insert into BillHistory (ID, AddressID, FromDate, ToDate, ElectricityAmount, GasAmount) values (20, 202, '2022-03-30 13:33:02', '2022-04-30 13:33:02', 248.46, 301.82);
insert into BillHistory (ID, AddressID, FromDate, ToDate, ElectricityAmount, GasAmount) values (21, 249, '2023-01-28 15:54:09', '2023-04-28 15:54:09', 475.69, 423.46);
insert into BillHistory (ID, AddressID, FromDate, ToDate, ElectricityAmount, GasAmount) values (22, 152, '2021-03-20 03:52:32', '2021-09-20 03:52:32', 194.16, 477.83);
insert into BillHistory (ID, AddressID, FromDate, ToDate, ElectricityAmount, GasAmount) values (23, 166, '2023-01-03 16:11:05', '2023-07-03 16:11:05', 124.97, 469.91);
insert into BillHistory (ID, AddressID, FromDate, ToDate, ElectricityAmount, GasAmount) values (24, 144, '2021-07-12 15:03:41', '2022-01-12 15:03:41', 98.22, 319.79);
insert into BillHistory (ID, AddressID, FromDate, ToDate, ElectricityAmount, GasAmount) values (25, 19, '2021-10-27 23:37:20', '2022-03-27 23:37:20', 202.65, 222.12);
insert into BillHistory (ID, AddressID, FromDate, ToDate, ElectricityAmount, GasAmount) values (26, 188, '2021-01-22 05:04:34', '2021-05-22 05:04:34', 1.07, 525.17);
insert into BillHistory (ID, AddressID, FromDate, ToDate, ElectricityAmount, GasAmount) values (27, 140, '2020-10-17 11:02:55', '2021-01-17 11:02:55', 379.64, 416.92);
insert into BillHistory (ID, AddressID, FromDate, ToDate, ElectricityAmount, GasAmount) values (28, 37, '2020-05-11 16:00:01', '2020-10-11 16:00:01', 87.63, 205.63);
insert into BillHistory (ID, AddressID, FromDate, ToDate, ElectricityAmount, GasAmount) values (29, 41, '2020-11-18 16:06:32', '2021-02-18 16:06:32', 296.99, 338.17);
insert into BillHistory (ID, AddressID, FromDate, ToDate, ElectricityAmount, GasAmount) values (30, 229, '2022-04-17 18:39:02', '2022-07-17 18:39:02', 161.42, 400.38);
insert into BillHistory (ID, AddressID, FromDate, ToDate, ElectricityAmount, GasAmount) values (31, 154, '2021-06-02 18:58:52', '2021-12-02 18:58:52', 87.22, 229.9);
insert into BillHistory (ID, AddressID, FromDate, ToDate, ElectricityAmount, GasAmount) values (32, 149, '2022-07-21 20:14:36', '2022-08-21 20:14:36', 21.57, 127.22);
insert into BillHistory (ID, AddressID, FromDate, ToDate, ElectricityAmount, GasAmount) values (33, 166, '2023-03-04 15:58:50', '2023-08-04 15:58:50', 294.39, 353.09);
insert into BillHistory (ID, AddressID, FromDate, ToDate, ElectricityAmount, GasAmount) values (34, 16, '2020-08-11 17:26:27', '2020-10-11 17:26:27', 65.03, 382.1);
insert into BillHistory (ID, AddressID, FromDate, ToDate, ElectricityAmount, GasAmount) values (35, 125, '2020-03-25 02:21:35', '2020-05-25 02:21:35', 135.89, 480.76);
insert into BillHistory (ID, AddressID, FromDate, ToDate, ElectricityAmount, GasAmount) values (36, 32, '2020-02-16 16:52:52', '2020-08-16 16:52:52', 208.92, 408.0);
insert into BillHistory (ID, AddressID, FromDate, ToDate, ElectricityAmount, GasAmount) values (37, 235, '2020-12-25 00:20:03', '2021-06-25 00:20:03', 315.7, 261.91);
insert into BillHistory (ID, AddressID, FromDate, ToDate, ElectricityAmount, GasAmount) values (38, 104, '2021-06-01 02:49:36', '2021-12-01 02:49:36', 415.17, 489.66);
insert into BillHistory (ID, AddressID, FromDate, ToDate, ElectricityAmount, GasAmount) values (39, 236, '2022-10-13 03:13:50', '2023-03-13 03:13:50', 65.08, 45.41);
insert into BillHistory (ID, AddressID, FromDate, ToDate, ElectricityAmount, GasAmount) values (40, 215, '2022-01-09 08:09:57', '2022-06-09 08:09:57', 26.58, 60.97);
insert into BillHistory (ID, AddressID, FromDate, ToDate, ElectricityAmount, GasAmount) values (41, 124, '2022-08-02 02:19:37', '2022-12-02 02:19:37', 503.76, 142.43);
insert into BillHistory (ID, AddressID, FromDate, ToDate, ElectricityAmount, GasAmount) values (42, 77, '2022-08-10 03:39:49', '2023-01-10 03:39:49', 8.63, 195.8);
insert into BillHistory (ID, AddressID, FromDate, ToDate, ElectricityAmount, GasAmount) values (43, 240, '2020-04-04 05:03:32', '2020-08-04 05:03:32', 193.64, 310.09);
insert into BillHistory (ID, AddressID, FromDate, ToDate, ElectricityAmount, GasAmount) values (44, 96, '2022-02-12 02:36:55', '2022-05-12 02:36:55', 477.0, 337.15);
insert into BillHistory (ID, AddressID, FromDate, ToDate, ElectricityAmount, GasAmount) values (45, 196, '2021-07-12 01:15:53', '2021-12-12 01:15:53', 252.52, 113.24);
insert into BillHistory (ID, AddressID, FromDate, ToDate, ElectricityAmount, GasAmount) values (46, 181, '2020-07-03 06:56:29', '2021-01-03 06:56:29', 403.1, 32.31);
insert into BillHistory (ID, AddressID, FromDate, ToDate, ElectricityAmount, GasAmount) values (47, 245, '2020-07-15 22:06:58', '2021-01-15 22:06:58', 288.73, 442.94);
insert into BillHistory (ID, AddressID, FromDate, ToDate, ElectricityAmount, GasAmount) values (48, 170, '2022-10-06 01:32:19', '2023-03-06 01:32:19', 322.19, 484.21);
insert into BillHistory (ID, AddressID, FromDate, ToDate, ElectricityAmount, GasAmount) values (49, 102, '2021-10-01 23:52:46', '2022-04-01 23:52:46', 96.89, 373.52);
insert into BillHistory (ID, AddressID, FromDate, ToDate, ElectricityAmount, GasAmount) values (50, 122, '2022-03-10 23:26:04', '2022-06-10 23:26:04', 154.35, 401.88);
insert into BillHistory (ID, AddressID, FromDate, ToDate, ElectricityAmount, GasAmount) values (51, 149, '2022-04-08 22:19:34', '2022-09-08 22:19:34', 352.61, 50.78);
insert into BillHistory (ID, AddressID, FromDate, ToDate, ElectricityAmount, GasAmount) values (52, 177, '2020-08-02 21:23:22', '2021-02-02 21:23:22', 232.31, 252.85);
insert into BillHistory (ID, AddressID, FromDate, ToDate, ElectricityAmount, GasAmount) values (53, 240, '2021-01-27 18:32:48', '2021-04-27 18:32:48', 409.89, 536.75);
insert into BillHistory (ID, AddressID, FromDate, ToDate, ElectricityAmount, GasAmount) values (54, 34, '2021-03-16 03:50:09', '2021-08-16 03:50:09', 385.63, 314.62);
insert into BillHistory (ID, AddressID, FromDate, ToDate, ElectricityAmount, GasAmount) values (55, 186, '2020-03-05 11:32:52', '2020-05-05 11:32:52', 349.76, 507.71);
insert into BillHistory (ID, AddressID, FromDate, ToDate, ElectricityAmount, GasAmount) values (56, 5, '2023-03-14 18:11:08', '2023-06-14 18:11:08', 67.32, 241.45);
insert into BillHistory (ID, AddressID, FromDate, ToDate, ElectricityAmount, GasAmount) values (57, 146, '2020-05-15 18:28:21', '2020-09-15 18:28:21', 197.58, 324.7);
insert into BillHistory (ID, AddressID, FromDate, ToDate, ElectricityAmount, GasAmount) values (58, 158, '2021-11-08 02:34:02', '2022-05-08 02:34:02', 255.35, 463.59);
insert into BillHistory (ID, AddressID, FromDate, ToDate, ElectricityAmount, GasAmount) values (59, 152, '2021-09-14 21:09:09', '2022-03-14 21:09:09', 134.36, 118.88);
insert into BillHistory (ID, AddressID, FromDate, ToDate, ElectricityAmount, GasAmount) values (60, 144, '2022-08-25 08:14:54', '2023-02-25 08:14:54', 396.92, 295.04);
insert into BillHistory (ID, AddressID, FromDate, ToDate, ElectricityAmount, GasAmount) values (61, 184, '2022-12-23 12:01:39', '2023-05-23 12:01:39', 448.06, 181.38);
insert into BillHistory (ID, AddressID, FromDate, ToDate, ElectricityAmount, GasAmount) values (62, 60, '2020-03-24 05:05:31', '2020-09-24 05:05:31', 59.31, 424.48);
insert into BillHistory (ID, AddressID, FromDate, ToDate, ElectricityAmount, GasAmount) values (63, 22, '2020-08-02 09:18:39', '2020-12-02 09:18:39', 131.56, 537.19);
insert into BillHistory (ID, AddressID, FromDate, ToDate, ElectricityAmount, GasAmount) values (64, 60, '2020-11-02 10:47:38', '2021-05-02 10:47:38', 454.92, 458.05);
insert into BillHistory (ID, AddressID, FromDate, ToDate, ElectricityAmount, GasAmount) values (65, 173, '2022-01-24 05:32:35', '2022-03-24 05:32:35', 422.83, 129.52);
insert into BillHistory (ID, AddressID, FromDate, ToDate, ElectricityAmount, GasAmount) values (66, 65, '2020-04-28 13:19:44', '2020-07-28 13:19:44', 87.11, 13.45);
insert into BillHistory (ID, AddressID, FromDate, ToDate, ElectricityAmount, GasAmount) values (67, 10, '2021-12-25 07:44:08', '2022-04-25 07:44:08', 270.8, 106.23);
insert into BillHistory (ID, AddressID, FromDate, ToDate, ElectricityAmount, GasAmount) values (68, 144, '2022-09-24 16:13:40', '2023-02-24 16:13:40', 185.03, 547.64);
insert into BillHistory (ID, AddressID, FromDate, ToDate, ElectricityAmount, GasAmount) values (69, 6, '2020-03-29 10:09:05', '2020-04-29 10:09:05', 514.25, 340.47);
insert into BillHistory (ID, AddressID, FromDate, ToDate, ElectricityAmount, GasAmount) values (70, 49, '2022-01-22 06:32:18', '2022-05-22 06:32:18', 253.27, 78.4);
insert into BillHistory (ID, AddressID, FromDate, ToDate, ElectricityAmount, GasAmount) values (71, 215, '2021-01-28 04:19:16', '2021-04-28 04:19:16', 537.59, 176.86);
insert into BillHistory (ID, AddressID, FromDate, ToDate, ElectricityAmount, GasAmount) values (72, 241, '2021-02-17 15:19:56', '2021-04-17 15:19:56', 50.64, 426.88);
insert into BillHistory (ID, AddressID, FromDate, ToDate, ElectricityAmount, GasAmount) values (73, 43, '2021-09-26 17:03:18', '2021-12-26 17:03:18', 538.19, 231.11);
insert into BillHistory (ID, AddressID, FromDate, ToDate, ElectricityAmount, GasAmount) values (74, 25, '2021-05-06 13:21:02', '2021-09-06 13:21:02', 369.77, 211.86);
insert into BillHistory (ID, AddressID, FromDate, ToDate, ElectricityAmount, GasAmount) values (75, 1, '2021-11-24 18:17:47', '2022-03-24 18:17:47', 70.7, 23.68);
insert into BillHistory (ID, AddressID, FromDate, ToDate, ElectricityAmount, GasAmount) values (76, 110, '2020-12-14 10:02:54', '2021-06-14 10:02:54', 523.56, 349.05);
insert into BillHistory (ID, AddressID, FromDate, ToDate, ElectricityAmount, GasAmount) values (77, 79, '2021-06-24 06:43:00', '2021-08-24 06:43:00', 463.26, 298.04);
insert into BillHistory (ID, AddressID, FromDate, ToDate, ElectricityAmount, GasAmount) values (78, 173, '2020-10-24 08:48:25', '2020-12-24 08:48:25', 50.16, 371.46);
insert into BillHistory (ID, AddressID, FromDate, ToDate, ElectricityAmount, GasAmount) values (79, 236, '2020-08-27 04:27:21', '2021-02-27 04:27:21', 507.92, 348.44);
insert into BillHistory (ID, AddressID, FromDate, ToDate, ElectricityAmount, GasAmount) values (80, 228, '2022-12-07 13:03:09', '2023-06-07 13:03:09', 181.98, 523.49);
insert into BillHistory (ID, AddressID, FromDate, ToDate, ElectricityAmount, GasAmount) values (81, 241, '2022-11-17 04:24:30', '2023-02-17 04:24:30', 450.09, 55.6);
insert into BillHistory (ID, AddressID, FromDate, ToDate, ElectricityAmount, GasAmount) values (82, 164, '2021-01-13 05:48:31', '2021-07-13 05:48:31', 146.69, 507.11);
insert into BillHistory (ID, AddressID, FromDate, ToDate, ElectricityAmount, GasAmount) values (83, 53, '2022-10-07 13:34:13', '2023-02-07 13:34:13', 55.5, 109.25);
insert into BillHistory (ID, AddressID, FromDate, ToDate, ElectricityAmount, GasAmount) values (84, 146, '2021-02-27 17:55:22', '2021-06-27 17:55:22', 38.67, 495.58);
insert into BillHistory (ID, AddressID, FromDate, ToDate, ElectricityAmount, GasAmount) values (85, 102, '2022-02-14 02:08:56', '2022-06-14 02:08:56', 403.85, 188.1);
insert into BillHistory (ID, AddressID, FromDate, ToDate, ElectricityAmount, GasAmount) values (86, 129, '2021-05-04 01:36:14', '2021-11-04 01:36:14', 359.57, 464.03);
insert into BillHistory (ID, AddressID, FromDate, ToDate, ElectricityAmount, GasAmount) values (87, 87, '2022-01-24 22:28:56', '2022-03-24 22:28:56', 107.9, 470.99);
insert into BillHistory (ID, AddressID, FromDate, ToDate, ElectricityAmount, GasAmount) values (88, 228, '2020-03-08 06:20:12', '2020-07-08 06:20:12', 28.35, 512.23);
insert into BillHistory (ID, AddressID, FromDate, ToDate, ElectricityAmount, GasAmount) values (89, 67, '2020-10-02 09:41:44', '2021-04-02 09:41:44', 432.85, 117.17);
insert into BillHistory (ID, AddressID, FromDate, ToDate, ElectricityAmount, GasAmount) values (90, 209, '2023-02-19 02:17:56', '2023-08-19 02:17:56', 508.88, 178.88);
insert into BillHistory (ID, AddressID, FromDate, ToDate, ElectricityAmount, GasAmount) values (91, 250, '2021-11-10 15:02:20', '2022-03-10 15:02:20', 425.09, 41.1);
insert into BillHistory (ID, AddressID, FromDate, ToDate, ElectricityAmount, GasAmount) values (92, 156, '2021-08-28 17:27:27', '2021-09-28 17:27:27', 379.27, 390.13);
insert into BillHistory (ID, AddressID, FromDate, ToDate, ElectricityAmount, GasAmount) values (93, 51, '2022-10-04 04:45:46', '2022-11-04 04:45:46', 443.2, 351.35);
insert into BillHistory (ID, AddressID, FromDate, ToDate, ElectricityAmount, GasAmount) values (94, 43, '2020-02-14 22:10:29', '2020-04-14 22:10:29', 377.06, 537.29);
insert into BillHistory (ID, AddressID, FromDate, ToDate, ElectricityAmount, GasAmount) values (95, 195, '2022-07-03 00:38:38', '2022-11-03 00:38:38', 196.16, 241.41);
insert into BillHistory (ID, AddressID, FromDate, ToDate, ElectricityAmount, GasAmount) values (96, 121, '2021-07-31 12:00:37', '2021-10-31 12:00:37', 138.24, 66.26);
insert into BillHistory (ID, AddressID, FromDate, ToDate, ElectricityAmount, GasAmount) values (97, 214, '2022-11-27 14:48:37', '2023-03-27 14:48:37', 150.14, 83.74);
insert into BillHistory (ID, AddressID, FromDate, ToDate, ElectricityAmount, GasAmount) values (98, 202, '2021-05-25 05:57:18', '2021-09-25 05:57:18', 97.91, 524.43);
insert into BillHistory (ID, AddressID, FromDate, ToDate, ElectricityAmount, GasAmount) values (99, 59, '2020-01-16 06:39:17', '2020-05-16 06:39:17', 116.51, 532.77);
insert into BillHistory (ID, AddressID, FromDate, ToDate, ElectricityAmount, GasAmount) values (100, 157, '2020-09-24 21:44:32', '2020-12-24 21:44:32', 243.73, 476.2);
insert into BillHistory (ID, AddressID, FromDate, ToDate, ElectricityAmount, GasAmount) values (101, 185, '2021-03-16 17:18:18', '2021-08-16 17:18:18', 341.53, 231.9);
insert into BillHistory (ID, AddressID, FromDate, ToDate, ElectricityAmount, GasAmount) values (102, 20, '2022-02-17 17:21:30', '2022-04-17 17:21:30', 187.63, 108.73);
insert into BillHistory (ID, AddressID, FromDate, ToDate, ElectricityAmount, GasAmount) values (103, 234, '2022-10-11 04:26:51', '2023-01-11 04:26:51', 453.21, 228.4);
insert into BillHistory (ID, AddressID, FromDate, ToDate, ElectricityAmount, GasAmount) values (104, 173, '2020-08-16 15:15:44', '2021-01-16 15:15:44', 459.43, 169.71);
insert into BillHistory (ID, AddressID, FromDate, ToDate, ElectricityAmount, GasAmount) values (105, 16, '2022-12-19 19:02:50', '2023-05-19 19:02:50', 300.7, 392.53);
insert into BillHistory (ID, AddressID, FromDate, ToDate, ElectricityAmount, GasAmount) values (106, 136, '2022-05-03 23:49:43', '2022-11-03 23:49:43', 540.54, 487.41);
insert into BillHistory (ID, AddressID, FromDate, ToDate, ElectricityAmount, GasAmount) values (107, 128, '2022-11-10 21:39:12', '2022-12-10 21:39:12', 461.42, 31.37);
insert into BillHistory (ID, AddressID, FromDate, ToDate, ElectricityAmount, GasAmount) values (108, 211, '2022-01-22 12:16:43', '2022-05-22 12:16:43', 255.67, 320.23);
insert into BillHistory (ID, AddressID, FromDate, ToDate, ElectricityAmount, GasAmount) values (109, 137, '2023-01-08 07:35:59', '2023-06-08 07:35:59', 216.01, 370.14);
insert into BillHistory (ID, AddressID, FromDate, ToDate, ElectricityAmount, GasAmount) values (110, 221, '2020-07-03 18:38:04', '2020-11-03 18:38:04', 394.85, 144.8);
insert into BillHistory (ID, AddressID, FromDate, ToDate, ElectricityAmount, GasAmount) values (111, 121, '2020-08-21 05:59:53', '2021-01-21 05:59:53', 55.8, 0.9);
insert into BillHistory (ID, AddressID, FromDate, ToDate, ElectricityAmount, GasAmount) values (112, 137, '2023-01-26 14:51:20', '2023-05-26 14:51:20', 365.01, 514.96);
insert into BillHistory (ID, AddressID, FromDate, ToDate, ElectricityAmount, GasAmount) values (113, 66, '2021-04-10 07:22:09', '2021-08-10 07:22:09', 499.91, 309.93);
insert into BillHistory (ID, AddressID, FromDate, ToDate, ElectricityAmount, GasAmount) values (114, 169, '2022-11-12 21:06:28', '2023-01-12 21:06:28', 465.56, 392.13);
insert into BillHistory (ID, AddressID, FromDate, ToDate, ElectricityAmount, GasAmount) values (115, 189, '2021-01-01 09:52:47', '2021-07-01 09:52:47', 466.02, 269.5);
insert into BillHistory (ID, AddressID, FromDate, ToDate, ElectricityAmount, GasAmount) values (116, 241, '2020-05-11 01:14:05', '2020-06-11 01:14:05', 98.54, 340.45);
insert into BillHistory (ID, AddressID, FromDate, ToDate, ElectricityAmount, GasAmount) values (117, 53, '2020-01-19 01:25:56', '2020-06-19 01:25:56', 426.53, 461.79);
insert into BillHistory (ID, AddressID, FromDate, ToDate, ElectricityAmount, GasAmount) values (118, 102, '2023-03-21 21:26:53', '2023-09-21 21:26:53', 42.15, 275.54);
insert into BillHistory (ID, AddressID, FromDate, ToDate, ElectricityAmount, GasAmount) values (119, 88, '2021-05-06 06:56:32', '2021-10-06 06:56:32', 152.61, 494.23);
insert into BillHistory (ID, AddressID, FromDate, ToDate, ElectricityAmount, GasAmount) values (120, 162, '2023-03-27 01:02:23', '2023-08-27 01:02:23', 171.14, 86.83);
insert into BillHistory (ID, AddressID, FromDate, ToDate, ElectricityAmount, GasAmount) values (121, 118, '2023-02-24 07:27:12', '2023-04-24 07:27:12', 8.17, 258.71);
insert into BillHistory (ID, AddressID, FromDate, ToDate, ElectricityAmount, GasAmount) values (122, 107, '2022-07-01 00:59:15', '2023-01-01 00:59:15', 136.79, 209.48);
insert into BillHistory (ID, AddressID, FromDate, ToDate, ElectricityAmount, GasAmount) values (123, 205, '2020-08-03 05:51:57', '2021-02-03 05:51:57', 153.46, 80.03);
insert into BillHistory (ID, AddressID, FromDate, ToDate, ElectricityAmount, GasAmount) values (124, 216, '2023-02-02 07:25:39', '2023-05-02 07:25:39', 334.86, 482.77);
insert into BillHistory (ID, AddressID, FromDate, ToDate, ElectricityAmount, GasAmount) values (125, 59, '2021-07-19 20:43:02', '2021-11-19 20:43:02', 471.26, 306.89);
insert into BillHistory (ID, AddressID, FromDate, ToDate, ElectricityAmount, GasAmount) values (126, 180, '2022-04-29 08:00:54', '2022-07-29 08:00:54', 223.77, 429.78);
insert into BillHistory (ID, AddressID, FromDate, ToDate, ElectricityAmount, GasAmount) values (127, 216, '2023-01-13 02:08:49', '2023-02-13 02:08:49', 381.42, 391.52);
insert into BillHistory (ID, AddressID, FromDate, ToDate, ElectricityAmount, GasAmount) values (128, 87, '2022-11-22 17:27:15', '2023-03-22 17:27:15', 530.86, 266.31);
insert into BillHistory (ID, AddressID, FromDate, ToDate, ElectricityAmount, GasAmount) values (129, 224, '2020-07-29 05:13:32', '2020-12-29 05:13:32', 155.13, 444.59);
insert into BillHistory (ID, AddressID, FromDate, ToDate, ElectricityAmount, GasAmount) values (130, 2, '2020-10-05 18:43:00', '2021-01-05 18:43:00', 464.52, 436.24);
insert into BillHistory (ID, AddressID, FromDate, ToDate, ElectricityAmount, GasAmount) values (131, 232, '2020-03-22 06:29:45', '2020-09-22 06:29:45', 478.83, 107.53);
insert into BillHistory (ID, AddressID, FromDate, ToDate, ElectricityAmount, GasAmount) values (132, 233, '2022-03-11 16:32:35', '2022-06-11 16:32:35', 131.39, 265.25);
insert into BillHistory (ID, AddressID, FromDate, ToDate, ElectricityAmount, GasAmount) values (133, 21, '2022-09-18 22:12:28', '2023-03-18 22:12:28', 226.32, 465.46);
insert into BillHistory (ID, AddressID, FromDate, ToDate, ElectricityAmount, GasAmount) values (134, 239, '2020-08-21 14:01:43', '2021-02-21 14:01:43', 438.42, 305.69);
insert into BillHistory (ID, AddressID, FromDate, ToDate, ElectricityAmount, GasAmount) values (135, 200, '2023-04-12 15:48:28', '2023-07-12 15:48:28', 24.27, 65.17);
insert into BillHistory (ID, AddressID, FromDate, ToDate, ElectricityAmount, GasAmount) values (136, 82, '2022-06-28 17:10:48', '2022-08-28 17:10:48', 77.33, 331.92);
insert into BillHistory (ID, AddressID, FromDate, ToDate, ElectricityAmount, GasAmount) values (137, 219, '2022-02-26 08:06:43', '2022-08-26 08:06:43', 47.0, 369.45);
insert into BillHistory (ID, AddressID, FromDate, ToDate, ElectricityAmount, GasAmount) values (138, 58, '2021-02-02 22:07:20', '2021-08-02 22:07:20', 270.69, 459.74);
insert into BillHistory (ID, AddressID, FromDate, ToDate, ElectricityAmount, GasAmount) values (139, 14, '2021-03-26 21:29:27', '2021-04-26 21:29:27', 120.32, 324.35);
insert into BillHistory (ID, AddressID, FromDate, ToDate, ElectricityAmount, GasAmount) values (140, 19, '2020-06-14 06:02:27', '2020-09-14 06:02:27', 531.0, 505.5);
insert into BillHistory (ID, AddressID, FromDate, ToDate, ElectricityAmount, GasAmount) values (141, 132, '2021-01-20 22:32:09', '2021-06-20 22:32:09', 174.75, 334.7);
insert into BillHistory (ID, AddressID, FromDate, ToDate, ElectricityAmount, GasAmount) values (142, 219, '2020-06-01 22:15:36', '2020-09-01 22:15:36', 423.62, 303.78);
insert into BillHistory (ID, AddressID, FromDate, ToDate, ElectricityAmount, GasAmount) values (143, 133, '2022-11-29 05:23:57', '2022-12-29 05:23:57', 123.75, 107.4);
insert into BillHistory (ID, AddressID, FromDate, ToDate, ElectricityAmount, GasAmount) values (144, 210, '2022-06-14 06:55:17', '2022-10-14 06:55:17', 427.3, 422.48);
insert into BillHistory (ID, AddressID, FromDate, ToDate, ElectricityAmount, GasAmount) values (145, 238, '2020-12-19 03:46:06', '2021-02-19 03:46:06', 386.59, 415.63);
insert into BillHistory (ID, AddressID, FromDate, ToDate, ElectricityAmount, GasAmount) values (146, 142, '2022-09-10 02:23:25', '2023-02-10 02:23:25', 285.47, 323.85);
insert into BillHistory (ID, AddressID, FromDate, ToDate, ElectricityAmount, GasAmount) values (147, 19, '2020-10-14 09:23:27', '2021-02-14 09:23:27', 275.1, 311.87);
insert into BillHistory (ID, AddressID, FromDate, ToDate, ElectricityAmount, GasAmount) values (148, 214, '2021-08-25 17:29:30', '2021-11-25 17:29:30', 418.78, 274.43);
insert into BillHistory (ID, AddressID, FromDate, ToDate, ElectricityAmount, GasAmount) values (149, 217, '2022-09-12 17:26:59', '2022-12-12 17:26:59', 431.67, 484.47);
insert into BillHistory (ID, AddressID, FromDate, ToDate, ElectricityAmount, GasAmount) values (150, 23, '2023-02-27 11:06:36', '2023-07-27 11:06:36', 74.49, 475.69);
insert into BillHistory (ID, AddressID, FromDate, ToDate, ElectricityAmount, GasAmount) values (151, 88, '2023-04-08 14:26:57', '2023-06-08 14:26:57', 417.39, 528.99);
insert into BillHistory (ID, AddressID, FromDate, ToDate, ElectricityAmount, GasAmount) values (152, 73, '2022-09-26 06:11:39', '2023-03-26 06:11:39', 390.22, 86.52);
insert into BillHistory (ID, AddressID, FromDate, ToDate, ElectricityAmount, GasAmount) values (153, 164, '2020-06-23 20:08:12', '2020-10-23 20:08:12', 134.77, 350.42);
insert into BillHistory (ID, AddressID, FromDate, ToDate, ElectricityAmount, GasAmount) values (154, 160, '2022-05-30 00:16:52', '2022-11-30 00:16:52', 230.9, 393.33);
insert into BillHistory (ID, AddressID, FromDate, ToDate, ElectricityAmount, GasAmount) values (155, 129, '2021-07-23 12:49:17', '2021-11-23 12:49:17', 84.64, 393.87);
insert into BillHistory (ID, AddressID, FromDate, ToDate, ElectricityAmount, GasAmount) values (156, 209, '2022-06-16 05:47:59', '2022-09-16 05:47:59', 480.05, 391.42);
insert into BillHistory (ID, AddressID, FromDate, ToDate, ElectricityAmount, GasAmount) values (157, 160, '2022-09-15 09:17:21', '2022-10-15 09:17:21', 133.53, 358.02);
insert into BillHistory (ID, AddressID, FromDate, ToDate, ElectricityAmount, GasAmount) values (158, 23, '2021-11-05 01:05:40', '2022-03-05 01:05:40', 310.4, 340.34);
insert into BillHistory (ID, AddressID, FromDate, ToDate, ElectricityAmount, GasAmount) values (159, 29, '2023-02-11 21:01:06', '2023-05-11 21:01:06', 500.17, 456.2);
insert into BillHistory (ID, AddressID, FromDate, ToDate, ElectricityAmount, GasAmount) values (160, 50, '2020-01-11 18:51:44', '2020-02-11 18:51:44', 388.43, 432.33);
insert into BillHistory (ID, AddressID, FromDate, ToDate, ElectricityAmount, GasAmount) values (161, 220, '2022-07-18 19:06:11', '2022-08-18 19:06:11', 428.31, 415.1);
insert into BillHistory (ID, AddressID, FromDate, ToDate, ElectricityAmount, GasAmount) values (162, 19, '2022-04-23 13:31:21', '2022-08-23 13:31:21', 419.63, 344.48);
insert into BillHistory (ID, AddressID, FromDate, ToDate, ElectricityAmount, GasAmount) values (163, 11, '2022-12-28 05:44:56', '2023-03-28 05:44:56', 60.58, 475.45);
insert into BillHistory (ID, AddressID, FromDate, ToDate, ElectricityAmount, GasAmount) values (164, 134, '2021-09-21 22:51:10', '2021-12-21 22:51:10', 202.24, 271.94);
insert into BillHistory (ID, AddressID, FromDate, ToDate, ElectricityAmount, GasAmount) values (165, 152, '2022-03-07 11:04:50', '2022-06-07 11:04:50', 419.71, 383.58);
insert into BillHistory (ID, AddressID, FromDate, ToDate, ElectricityAmount, GasAmount) values (166, 35, '2022-06-04 21:31:41', '2022-10-04 21:31:41', 201.36, 110.27);
insert into BillHistory (ID, AddressID, FromDate, ToDate, ElectricityAmount, GasAmount) values (167, 159, '2021-10-17 02:57:19', '2022-04-17 02:57:19', 539.08, 473.67);
insert into BillHistory (ID, AddressID, FromDate, ToDate, ElectricityAmount, GasAmount) values (168, 127, '2023-02-12 01:53:49', '2023-07-12 01:53:49', 415.36, 137.76);
insert into BillHistory (ID, AddressID, FromDate, ToDate, ElectricityAmount, GasAmount) values (169, 237, '2022-10-24 03:50:24', '2023-04-24 03:50:24', 439.79, 498.23);
insert into BillHistory (ID, AddressID, FromDate, ToDate, ElectricityAmount, GasAmount) values (170, 51, '2021-06-18 12:40:34', '2021-11-18 12:40:34', 35.79, 161.09);
insert into BillHistory (ID, AddressID, FromDate, ToDate, ElectricityAmount, GasAmount) values (171, 99, '2021-08-17 06:27:25', '2021-12-17 06:27:25', 215.44, 190.67);
insert into BillHistory (ID, AddressID, FromDate, ToDate, ElectricityAmount, GasAmount) values (172, 178, '2020-06-12 02:56:07', '2020-09-12 02:56:07', 99.47, 460.34);
insert into BillHistory (ID, AddressID, FromDate, ToDate, ElectricityAmount, GasAmount) values (173, 186, '2023-03-12 18:19:56', '2023-09-12 18:19:56', 110.19, 462.82);
insert into BillHistory (ID, AddressID, FromDate, ToDate, ElectricityAmount, GasAmount) values (174, 109, '2020-04-11 05:38:25', '2020-05-11 05:38:25', 543.66, 170.09);
insert into BillHistory (ID, AddressID, FromDate, ToDate, ElectricityAmount, GasAmount) values (175, 77, '2022-04-12 22:15:27', '2022-07-12 22:15:27', 496.93, 389.77);
insert into BillHistory (ID, AddressID, FromDate, ToDate, ElectricityAmount, GasAmount) values (176, 73, '2020-06-16 22:33:10', '2020-12-16 22:33:10', 484.01, 499.52);
insert into BillHistory (ID, AddressID, FromDate, ToDate, ElectricityAmount, GasAmount) values (177, 245, '2023-03-24 08:56:53', '2023-04-24 08:56:53', 236.33, 32.46);
insert into BillHistory (ID, AddressID, FromDate, ToDate, ElectricityAmount, GasAmount) values (178, 191, '2022-05-13 13:40:53', '2022-09-13 13:40:53', 148.47, 461.6);
insert into BillHistory (ID, AddressID, FromDate, ToDate, ElectricityAmount, GasAmount) values (179, 104, '2021-09-02 17:47:10', '2021-12-02 17:47:10', 489.98, 145.87);
insert into BillHistory (ID, AddressID, FromDate, ToDate, ElectricityAmount, GasAmount) values (180, 239, '2020-04-09 11:54:09', '2020-07-09 11:54:09', 146.33, 4.34);
insert into BillHistory (ID, AddressID, FromDate, ToDate, ElectricityAmount, GasAmount) values (181, 228, '2021-02-09 05:35:54', '2021-08-09 05:35:54', 347.27, 17.21);
insert into BillHistory (ID, AddressID, FromDate, ToDate, ElectricityAmount, GasAmount) values (182, 250, '2022-01-10 09:02:24', '2022-06-10 09:02:24', 483.38, 361.61);
insert into BillHistory (ID, AddressID, FromDate, ToDate, ElectricityAmount, GasAmount) values (183, 81, '2023-01-16 00:48:15', '2023-06-16 00:48:15', 77.0, 454.09);
insert into BillHistory (ID, AddressID, FromDate, ToDate, ElectricityAmount, GasAmount) values (184, 199, '2021-03-29 23:28:21', '2021-08-29 23:28:21', 126.79, 457.22);
insert into BillHistory (ID, AddressID, FromDate, ToDate, ElectricityAmount, GasAmount) values (185, 244, '2021-12-07 13:51:45', '2022-01-07 13:51:45', 0.85, 64.83);
insert into BillHistory (ID, AddressID, FromDate, ToDate, ElectricityAmount, GasAmount) values (186, 77, '2020-08-13 00:55:17', '2021-02-13 00:55:17', 127.54, 411.2);
insert into BillHistory (ID, AddressID, FromDate, ToDate, ElectricityAmount, GasAmount) values (187, 173, '2022-03-24 23:16:23', '2022-07-24 23:16:23', 186.34, 235.15);
insert into BillHistory (ID, AddressID, FromDate, ToDate, ElectricityAmount, GasAmount) values (188, 48, '2020-11-20 08:44:43', '2020-12-20 08:44:43', 69.75, 193.99);
insert into BillHistory (ID, AddressID, FromDate, ToDate, ElectricityAmount, GasAmount) values (189, 180, '2020-03-31 03:16:21', '2020-09-30 03:16:21', 333.06, 452.52);
insert into BillHistory (ID, AddressID, FromDate, ToDate, ElectricityAmount, GasAmount) values (190, 70, '2021-11-25 03:03:16', '2021-12-25 03:03:16', 403.91, 189.56);
insert into BillHistory (ID, AddressID, FromDate, ToDate, ElectricityAmount, GasAmount) values (191, 227, '2020-03-07 03:58:22', '2020-08-07 03:58:22', 18.09, 70.76);
insert into BillHistory (ID, AddressID, FromDate, ToDate, ElectricityAmount, GasAmount) values (192, 113, '2022-05-21 19:15:46', '2022-08-21 19:15:46', 342.99, 86.16);
insert into BillHistory (ID, AddressID, FromDate, ToDate, ElectricityAmount, GasAmount) values (193, 177, '2020-04-24 15:50:22', '2020-05-24 15:50:22', 295.46, 204.83);
insert into BillHistory (ID, AddressID, FromDate, ToDate, ElectricityAmount, GasAmount) values (194, 11, '2020-01-04 06:25:29', '2020-02-04 06:25:29', 43.19, 308.08);
insert into BillHistory (ID, AddressID, FromDate, ToDate, ElectricityAmount, GasAmount) values (195, 6, '2023-01-12 09:48:56', '2023-04-12 09:48:56', 4.31, 225.59);
insert into BillHistory (ID, AddressID, FromDate, ToDate, ElectricityAmount, GasAmount) values (196, 6, '2020-09-11 20:39:02', '2020-10-11 20:39:02', 8.02, 331.93);
insert into BillHistory (ID, AddressID, FromDate, ToDate, ElectricityAmount, GasAmount) values (197, 197, '2020-05-05 03:36:55', '2020-07-05 03:36:55', 291.66, 461.03);
insert into BillHistory (ID, AddressID, FromDate, ToDate, ElectricityAmount, GasAmount) values (198, 105, '2021-03-23 21:14:15', '2021-08-23 21:14:15', 113.27, 389.14);
insert into BillHistory (ID, AddressID, FromDate, ToDate, ElectricityAmount, GasAmount) values (199, 122, '2021-03-02 20:50:15', '2021-07-02 20:50:15', 367.76, 388.33);
insert into BillHistory (ID, AddressID, FromDate, ToDate, ElectricityAmount, GasAmount) values (200, 68, '2020-01-08 22:21:14', '2020-04-08 22:21:14', 446.36, 272.17);
insert into BillHistory (ID, AddressID, FromDate, ToDate, ElectricityAmount, GasAmount) values (201, 36, '2021-08-16 05:52:41', '2021-10-16 05:52:41', 388.22, 269.39);
insert into BillHistory (ID, AddressID, FromDate, ToDate, ElectricityAmount, GasAmount) values (202, 11, '2022-10-09 00:24:37', '2023-02-09 00:24:37', 247.91, 140.86);
insert into BillHistory (ID, AddressID, FromDate, ToDate, ElectricityAmount, GasAmount) values (203, 41, '2021-11-24 17:42:28', '2022-02-24 17:42:28', 34.99, 349.0);
insert into BillHistory (ID, AddressID, FromDate, ToDate, ElectricityAmount, GasAmount) values (204, 184, '2020-03-05 23:17:34', '2020-04-05 23:17:34', 386.29, 243.72);
insert into BillHistory (ID, AddressID, FromDate, ToDate, ElectricityAmount, GasAmount) values (205, 3, '2022-11-02 11:24:42', '2023-03-02 11:24:42', 147.45, 337.78);
insert into BillHistory (ID, AddressID, FromDate, ToDate, ElectricityAmount, GasAmount) values (206, 103, '2022-06-10 18:32:32', '2022-07-10 18:32:32', 156.45, 521.57);
insert into BillHistory (ID, AddressID, FromDate, ToDate, ElectricityAmount, GasAmount) values (207, 223, '2021-04-23 21:58:49', '2021-10-23 21:58:49', 26.16, 372.4);
insert into BillHistory (ID, AddressID, FromDate, ToDate, ElectricityAmount, GasAmount) values (208, 177, '2021-03-08 15:10:56', '2021-04-08 15:10:56', 277.08, 56.55);
insert into BillHistory (ID, AddressID, FromDate, ToDate, ElectricityAmount, GasAmount) values (209, 24, '2020-04-05 05:05:30', '2020-10-05 05:05:30', 509.53, 270.67);
insert into BillHistory (ID, AddressID, FromDate, ToDate, ElectricityAmount, GasAmount) values (210, 209, '2021-11-29 06:52:20', '2022-04-29 06:52:20', 135.26, 101.09);
insert into BillHistory (ID, AddressID, FromDate, ToDate, ElectricityAmount, GasAmount) values (211, 211, '2022-10-22 05:44:54', '2023-01-22 05:44:54', 502.34, 193.02);
insert into BillHistory (ID, AddressID, FromDate, ToDate, ElectricityAmount, GasAmount) values (212, 180, '2021-12-04 13:49:15', '2022-04-04 13:49:15', 467.62, 346.4);
insert into BillHistory (ID, AddressID, FromDate, ToDate, ElectricityAmount, GasAmount) values (213, 190, '2021-12-16 23:19:37', '2022-04-16 23:19:37', 177.64, 319.86);
insert into BillHistory (ID, AddressID, FromDate, ToDate, ElectricityAmount, GasAmount) values (214, 203, '2023-02-22 10:19:43', '2023-08-22 10:19:43', 249.3, 419.47);
insert into BillHistory (ID, AddressID, FromDate, ToDate, ElectricityAmount, GasAmount) values (215, 237, '2022-05-24 01:39:26', '2022-10-24 01:39:26', 410.41, 518.68);
insert into BillHistory (ID, AddressID, FromDate, ToDate, ElectricityAmount, GasAmount) values (216, 229, '2022-01-24 11:42:47', '2022-06-24 11:42:47', 112.0, 135.09);
insert into BillHistory (ID, AddressID, FromDate, ToDate, ElectricityAmount, GasAmount) values (217, 158, '2022-08-06 07:18:32', '2022-11-06 07:18:32', 288.91, 108.12);
insert into BillHistory (ID, AddressID, FromDate, ToDate, ElectricityAmount, GasAmount) values (218, 115, '2021-05-09 09:32:55', '2021-10-09 09:32:55', 318.37, 133.79);
insert into BillHistory (ID, AddressID, FromDate, ToDate, ElectricityAmount, GasAmount) values (219, 56, '2021-02-13 22:20:21', '2021-07-13 22:20:21', 146.71, 541.41);
insert into BillHistory (ID, AddressID, FromDate, ToDate, ElectricityAmount, GasAmount) values (220, 83, '2022-08-24 18:45:29', '2023-01-24 18:45:29', 133.92, 61.73);
insert into BillHistory (ID, AddressID, FromDate, ToDate, ElectricityAmount, GasAmount) values (221, 37, '2021-03-05 09:28:46', '2021-09-05 09:28:46', 502.51, 330.18);
insert into BillHistory (ID, AddressID, FromDate, ToDate, ElectricityAmount, GasAmount) values (222, 169, '2020-03-17 09:01:10', '2020-04-17 09:01:10', 394.27, 483.67);
insert into BillHistory (ID, AddressID, FromDate, ToDate, ElectricityAmount, GasAmount) values (223, 156, '2020-09-14 05:16:51', '2020-12-14 05:16:51', 163.36, 271.94);
insert into BillHistory (ID, AddressID, FromDate, ToDate, ElectricityAmount, GasAmount) values (224, 246, '2020-08-30 19:40:50', '2021-02-28 19:40:50', 316.97, 267.92);
insert into BillHistory (ID, AddressID, FromDate, ToDate, ElectricityAmount, GasAmount) values (225, 144, '2020-04-23 08:17:35', '2020-09-23 08:17:35', 340.09, 160.55);
insert into BillHistory (ID, AddressID, FromDate, ToDate, ElectricityAmount, GasAmount) values (226, 94, '2022-06-18 07:58:16', '2022-12-18 07:58:16', 344.81, 56.24);
insert into BillHistory (ID, AddressID, FromDate, ToDate, ElectricityAmount, GasAmount) values (227, 172, '2023-03-08 11:51:44', '2023-08-08 11:51:44', 539.91, 26.01);
insert into BillHistory (ID, AddressID, FromDate, ToDate, ElectricityAmount, GasAmount) values (228, 94, '2022-09-13 18:46:31', '2022-11-13 18:46:31', 358.59, 159.47);
insert into BillHistory (ID, AddressID, FromDate, ToDate, ElectricityAmount, GasAmount) values (229, 78, '2021-08-13 22:18:33', '2022-02-13 22:18:33', 349.78, 461.96);
insert into BillHistory (ID, AddressID, FromDate, ToDate, ElectricityAmount, GasAmount) values (230, 199, '2022-02-25 20:33:58', '2022-03-25 20:33:58', 547.67, 165.47);
insert into BillHistory (ID, AddressID, FromDate, ToDate, ElectricityAmount, GasAmount) values (231, 171, '2022-11-09 02:03:18', '2023-02-09 02:03:18', 405.9, 231.17);
insert into BillHistory (ID, AddressID, FromDate, ToDate, ElectricityAmount, GasAmount) values (232, 109, '2023-02-24 11:36:18', '2023-04-24 11:36:18', 139.34, 503.21);
insert into BillHistory (ID, AddressID, FromDate, ToDate, ElectricityAmount, GasAmount) values (233, 84, '2020-05-06 21:28:40', '2020-07-06 21:28:40', 292.37, 318.58);
insert into BillHistory (ID, AddressID, FromDate, ToDate, ElectricityAmount, GasAmount) values (234, 39, '2020-01-14 20:21:32', '2020-05-14 20:21:32', 152.94, 35.9);
insert into BillHistory (ID, AddressID, FromDate, ToDate, ElectricityAmount, GasAmount) values (235, 241, '2022-09-11 19:29:56', '2022-11-11 19:29:56', 327.91, 366.04);
insert into BillHistory (ID, AddressID, FromDate, ToDate, ElectricityAmount, GasAmount) values (236, 226, '2020-04-04 06:00:36', '2020-07-04 06:00:36', 477.56, 197.06);
insert into BillHistory (ID, AddressID, FromDate, ToDate, ElectricityAmount, GasAmount) values (237, 164, '2022-03-12 07:34:52', '2022-08-12 07:34:52', 275.44, 229.95);
insert into BillHistory (ID, AddressID, FromDate, ToDate, ElectricityAmount, GasAmount) values (238, 54, '2021-05-20 00:57:38', '2021-11-20 00:57:38', 40.45, 338.13);
insert into BillHistory (ID, AddressID, FromDate, ToDate, ElectricityAmount, GasAmount) values (239, 13, '2021-01-09 18:21:06', '2021-04-09 18:21:06', 224.97, 11.88);
insert into BillHistory (ID, AddressID, FromDate, ToDate, ElectricityAmount, GasAmount) values (240, 122, '2022-06-21 10:27:09', '2022-08-21 10:27:09', 277.24, 523.17);
insert into BillHistory (ID, AddressID, FromDate, ToDate, ElectricityAmount, GasAmount) values (241, 146, '2020-02-08 10:31:23', '2020-03-08 10:31:23', 136.53, 473.59);
insert into BillHistory (ID, AddressID, FromDate, ToDate, ElectricityAmount, GasAmount) values (242, 181, '2021-10-05 02:17:59', '2022-04-05 02:17:59', 442.98, 7.47);
insert into BillHistory (ID, AddressID, FromDate, ToDate, ElectricityAmount, GasAmount) values (243, 219, '2020-04-01 20:06:10', '2020-08-01 20:06:10', 189.06, 92.9);
insert into BillHistory (ID, AddressID, FromDate, ToDate, ElectricityAmount, GasAmount) values (244, 231, '2020-06-23 07:20:58', '2020-10-23 07:20:58', 422.96, 359.71);
insert into BillHistory (ID, AddressID, FromDate, ToDate, ElectricityAmount, GasAmount) values (245, 129, '2020-12-28 10:59:29', '2021-03-28 10:59:29', 176.86, 205.37);
insert into BillHistory (ID, AddressID, FromDate, ToDate, ElectricityAmount, GasAmount) values (246, 134, '2023-02-16 18:14:07', '2023-06-16 18:14:07', 341.41, 238.31);
insert into BillHistory (ID, AddressID, FromDate, ToDate, ElectricityAmount, GasAmount) values (247, 247, '2021-08-19 10:22:53', '2021-12-19 10:22:53', 465.37, 174.3);
insert into BillHistory (ID, AddressID, FromDate, ToDate, ElectricityAmount, GasAmount) values (248, 87, '2020-09-02 05:47:34', '2021-02-02 05:47:34', 535.01, 287.73);
insert into BillHistory (ID, AddressID, FromDate, ToDate, ElectricityAmount, GasAmount) values (249, 217, '2020-05-30 22:57:05', '2020-09-30 22:57:05', 214.31, 378.76);
insert into BillHistory (ID, AddressID, FromDate, ToDate, ElectricityAmount, GasAmount) values (250, 242, '2020-01-25 00:50:09', '2020-04-25 00:50:09', 439.72, 85.15);



insert into AddressApplianceMapping (ID, AddressID, ApplianceID, Count, NoOfHours, NoOfDays) values (1, 146, 89, 4, 1, 15);
insert into AddressApplianceMapping (ID, AddressID, ApplianceID, Count, NoOfHours, NoOfDays) values (2, 220, 47, 4, 11, 2);
insert into AddressApplianceMapping (ID, AddressID, ApplianceID, Count, NoOfHours, NoOfDays) values (3, 209, 87, 4, 4, 14);
insert into AddressApplianceMapping (ID, AddressID, ApplianceID, Count, NoOfHours, NoOfDays) values (4, 164, 5, 3, 13, 1);
insert into AddressApplianceMapping (ID, AddressID, ApplianceID, Count, NoOfHours, NoOfDays) values (5, 119, 16, 3, 7, 15);
insert into AddressApplianceMapping (ID, AddressID, ApplianceID, Count, NoOfHours, NoOfDays) values (6, 100, 26, 1, 9, 10);
insert into AddressApplianceMapping (ID, AddressID, ApplianceID, Count, NoOfHours, NoOfDays) values (7, 116, 78, 1, 23, 13);
insert into AddressApplianceMapping (ID, AddressID, ApplianceID, Count, NoOfHours, NoOfDays) values (8, 172, 4, 1, 21, 20);
insert into AddressApplianceMapping (ID, AddressID, ApplianceID, Count, NoOfHours, NoOfDays) values (9, 54, 38, 4, 2, 21);
insert into AddressApplianceMapping (ID, AddressID, ApplianceID, Count, NoOfHours, NoOfDays) values (10, 75, 33, 2, 9, 3);
insert into AddressApplianceMapping (ID, AddressID, ApplianceID, Count, NoOfHours, NoOfDays) values (11, 46, 14, 2, 20, 18);
insert into AddressApplianceMapping (ID, AddressID, ApplianceID, Count, NoOfHours, NoOfDays) values (12, 6, 56, 2, 18, 17);
insert into AddressApplianceMapping (ID, AddressID, ApplianceID, Count, NoOfHours, NoOfDays) values (13, 200, 50, 1, 11, 10);
insert into AddressApplianceMapping (ID, AddressID, ApplianceID, Count, NoOfHours, NoOfDays) values (14, 187, 95, 2, 21, 3);
insert into AddressApplianceMapping (ID, AddressID, ApplianceID, Count, NoOfHours, NoOfDays) values (15, 228, 20, 1, 17, 30);
insert into AddressApplianceMapping (ID, AddressID, ApplianceID, Count, NoOfHours, NoOfDays) values (16, 65, 62, 4, 18, 19);
insert into AddressApplianceMapping (ID, AddressID, ApplianceID, Count, NoOfHours, NoOfDays) values (17, 229, 91, 1, 10, 15);
insert into AddressApplianceMapping (ID, AddressID, ApplianceID, Count, NoOfHours, NoOfDays) values (18, 105, 39, 2, 9, 24);
insert into AddressApplianceMapping (ID, AddressID, ApplianceID, Count, NoOfHours, NoOfDays) values (19, 149, 15, 4, 14, 20);
insert into AddressApplianceMapping (ID, AddressID, ApplianceID, Count, NoOfHours, NoOfDays) values (20, 33, 80, 4, 5, 21);
insert into AddressApplianceMapping (ID, AddressID, ApplianceID, Count, NoOfHours, NoOfDays) values (21, 72, 77, 3, 9, 18);
insert into AddressApplianceMapping (ID, AddressID, ApplianceID, Count, NoOfHours, NoOfDays) values (22, 194, 3, 1, 3, 22);
insert into AddressApplianceMapping (ID, AddressID, ApplianceID, Count, NoOfHours, NoOfDays) values (23, 109, 2, 3, 12, 15);
insert into AddressApplianceMapping (ID, AddressID, ApplianceID, Count, NoOfHours, NoOfDays) values (24, 63, 102, 1, 7, 5);
insert into AddressApplianceMapping (ID, AddressID, ApplianceID, Count, NoOfHours, NoOfDays) values (25, 197, 30, 3, 3, 25);
insert into AddressApplianceMapping (ID, AddressID, ApplianceID, Count, NoOfHours, NoOfDays) values (26, 76, 50, 2, 24, 10);
insert into AddressApplianceMapping (ID, AddressID, ApplianceID, Count, NoOfHours, NoOfDays) values (27, 155, 86, 3, 23, 21);
insert into AddressApplianceMapping (ID, AddressID, ApplianceID, Count, NoOfHours, NoOfDays) values (28, 245, 83, 2, 5, 18);
insert into AddressApplianceMapping (ID, AddressID, ApplianceID, Count, NoOfHours, NoOfDays) values (29, 10, 30, 1, 15, 18);
insert into AddressApplianceMapping (ID, AddressID, ApplianceID, Count, NoOfHours, NoOfDays) values (30, 1, 41, 4, 8, 24);
insert into AddressApplianceMapping (ID, AddressID, ApplianceID, Count, NoOfHours, NoOfDays) values (31, 162, 39, 4, 16, 3);
insert into AddressApplianceMapping (ID, AddressID, ApplianceID, Count, NoOfHours, NoOfDays) values (32, 14, 54, 3, 10, 11);
insert into AddressApplianceMapping (ID, AddressID, ApplianceID, Count, NoOfHours, NoOfDays) values (33, 243, 69, 2, 13, 23);
insert into AddressApplianceMapping (ID, AddressID, ApplianceID, Count, NoOfHours, NoOfDays) values (34, 103, 75, 2, 8, 20);
insert into AddressApplianceMapping (ID, AddressID, ApplianceID, Count, NoOfHours, NoOfDays) values (35, 7, 87, 4, 15, 17);
insert into AddressApplianceMapping (ID, AddressID, ApplianceID, Count, NoOfHours, NoOfDays) values (36, 108, 71, 1, 18, 17);
insert into AddressApplianceMapping (ID, AddressID, ApplianceID, Count, NoOfHours, NoOfDays) values (37, 9, 64, 1, 14, 21);
insert into AddressApplianceMapping (ID, AddressID, ApplianceID, Count, NoOfHours, NoOfDays) values (38, 56, 76, 2, 7, 9);
insert into AddressApplianceMapping (ID, AddressID, ApplianceID, Count, NoOfHours, NoOfDays) values (39, 250, 10, 4, 12, 1);
insert into AddressApplianceMapping (ID, AddressID, ApplianceID, Count, NoOfHours, NoOfDays) values (40, 52, 92, 3, 19, 21);
insert into AddressApplianceMapping (ID, AddressID, ApplianceID, Count, NoOfHours, NoOfDays) values (41, 215, 54, 4, 15, 9);
insert into AddressApplianceMapping (ID, AddressID, ApplianceID, Count, NoOfHours, NoOfDays) values (42, 211, 13, 2, 21, 30);
insert into AddressApplianceMapping (ID, AddressID, ApplianceID, Count, NoOfHours, NoOfDays) values (43, 70, 66, 3, 13, 6);
insert into AddressApplianceMapping (ID, AddressID, ApplianceID, Count, NoOfHours, NoOfDays) values (44, 214, 75, 2, 7, 9);
insert into AddressApplianceMapping (ID, AddressID, ApplianceID, Count, NoOfHours, NoOfDays) values (45, 43, 14, 4, 21, 26);
insert into AddressApplianceMapping (ID, AddressID, ApplianceID, Count, NoOfHours, NoOfDays) values (46, 242, 25, 2, 22, 17);
insert into AddressApplianceMapping (ID, AddressID, ApplianceID, Count, NoOfHours, NoOfDays) values (47, 38, 39, 2, 19, 24);
insert into AddressApplianceMapping (ID, AddressID, ApplianceID, Count, NoOfHours, NoOfDays) values (48, 166, 41, 3, 6, 21);
insert into AddressApplianceMapping (ID, AddressID, ApplianceID, Count, NoOfHours, NoOfDays) values (49, 54, 48, 1, 4, 24);
insert into AddressApplianceMapping (ID, AddressID, ApplianceID, Count, NoOfHours, NoOfDays) values (50, 194, 53, 4, 3, 8);
insert into AddressApplianceMapping (ID, AddressID, ApplianceID, Count, NoOfHours, NoOfDays) values (51, 98, 27, 4, 21, 27);
insert into AddressApplianceMapping (ID, AddressID, ApplianceID, Count, NoOfHours, NoOfDays) values (52, 42, 94, 4, 14, 4);
insert into AddressApplianceMapping (ID, AddressID, ApplianceID, Count, NoOfHours, NoOfDays) values (53, 27, 28, 2, 6, 7);
insert into AddressApplianceMapping (ID, AddressID, ApplianceID, Count, NoOfHours, NoOfDays) values (54, 26, 25, 2, 4, 19);
insert into AddressApplianceMapping (ID, AddressID, ApplianceID, Count, NoOfHours, NoOfDays) values (55, 100, 69, 2, 6, 4);
insert into AddressApplianceMapping (ID, AddressID, ApplianceID, Count, NoOfHours, NoOfDays) values (56, 61, 55, 4, 9, 11);
insert into AddressApplianceMapping (ID, AddressID, ApplianceID, Count, NoOfHours, NoOfDays) values (57, 243, 37, 1, 8, 1);
insert into AddressApplianceMapping (ID, AddressID, ApplianceID, Count, NoOfHours, NoOfDays) values (58, 221, 62, 1, 17, 9);
insert into AddressApplianceMapping (ID, AddressID, ApplianceID, Count, NoOfHours, NoOfDays) values (59, 126, 15, 4, 18, 25);
insert into AddressApplianceMapping (ID, AddressID, ApplianceID, Count, NoOfHours, NoOfDays) values (60, 134, 13, 1, 15, 18);
insert into AddressApplianceMapping (ID, AddressID, ApplianceID, Count, NoOfHours, NoOfDays) values (61, 226, 39, 2, 16, 6);
insert into AddressApplianceMapping (ID, AddressID, ApplianceID, Count, NoOfHours, NoOfDays) values (62, 135, 13, 2, 15, 6);
insert into AddressApplianceMapping (ID, AddressID, ApplianceID, Count, NoOfHours, NoOfDays) values (63, 142, 96, 3, 4, 7);
insert into AddressApplianceMapping (ID, AddressID, ApplianceID, Count, NoOfHours, NoOfDays) values (64, 134, 46, 3, 1, 20);
insert into AddressApplianceMapping (ID, AddressID, ApplianceID, Count, NoOfHours, NoOfDays) values (65, 203, 94, 3, 14, 26);
insert into AddressApplianceMapping (ID, AddressID, ApplianceID, Count, NoOfHours, NoOfDays) values (66, 199, 61, 4, 11, 15);
insert into AddressApplianceMapping (ID, AddressID, ApplianceID, Count, NoOfHours, NoOfDays) values (67, 116, 57, 4, 16, 28);
insert into AddressApplianceMapping (ID, AddressID, ApplianceID, Count, NoOfHours, NoOfDays) values (68, 87, 93, 1, 23, 3);
insert into AddressApplianceMapping (ID, AddressID, ApplianceID, Count, NoOfHours, NoOfDays) values (69, 111, 45, 1, 20, 23);
insert into AddressApplianceMapping (ID, AddressID, ApplianceID, Count, NoOfHours, NoOfDays) values (70, 162, 90, 2, 14, 17);
insert into AddressApplianceMapping (ID, AddressID, ApplianceID, Count, NoOfHours, NoOfDays) values (71, 6, 93, 3, 5, 24);
insert into AddressApplianceMapping (ID, AddressID, ApplianceID, Count, NoOfHours, NoOfDays) values (72, 81, 29, 3, 12, 17);
insert into AddressApplianceMapping (ID, AddressID, ApplianceID, Count, NoOfHours, NoOfDays) values (73, 29, 12, 4, 5, 23);
insert into AddressApplianceMapping (ID, AddressID, ApplianceID, Count, NoOfHours, NoOfDays) values (74, 62, 32, 3, 9, 14);
insert into AddressApplianceMapping (ID, AddressID, ApplianceID, Count, NoOfHours, NoOfDays) values (75, 216, 12, 3, 7, 23);
insert into AddressApplianceMapping (ID, AddressID, ApplianceID, Count, NoOfHours, NoOfDays) values (76, 129, 1, 1, 17, 21);
insert into AddressApplianceMapping (ID, AddressID, ApplianceID, Count, NoOfHours, NoOfDays) values (77, 208, 16, 1, 17, 22);
insert into AddressApplianceMapping (ID, AddressID, ApplianceID, Count, NoOfHours, NoOfDays) values (78, 75, 49, 1, 19, 23);
insert into AddressApplianceMapping (ID, AddressID, ApplianceID, Count, NoOfHours, NoOfDays) values (79, 238, 46, 4, 21, 5);
insert into AddressApplianceMapping (ID, AddressID, ApplianceID, Count, NoOfHours, NoOfDays) values (80, 19, 12, 4, 22, 10);
insert into AddressApplianceMapping (ID, AddressID, ApplianceID, Count, NoOfHours, NoOfDays) values (81, 46, 12, 3, 16, 29);
insert into AddressApplianceMapping (ID, AddressID, ApplianceID, Count, NoOfHours, NoOfDays) values (82, 235, 79, 3, 8, 26);
insert into AddressApplianceMapping (ID, AddressID, ApplianceID, Count, NoOfHours, NoOfDays) values (83, 248, 29, 1, 18, 1);
insert into AddressApplianceMapping (ID, AddressID, ApplianceID, Count, NoOfHours, NoOfDays) values (84, 18, 59, 2, 18, 5);
insert into AddressApplianceMapping (ID, AddressID, ApplianceID, Count, NoOfHours, NoOfDays) values (85, 122, 25, 4, 21, 5);
insert into AddressApplianceMapping (ID, AddressID, ApplianceID, Count, NoOfHours, NoOfDays) values (86, 56, 51, 4, 16, 17);
insert into AddressApplianceMapping (ID, AddressID, ApplianceID, Count, NoOfHours, NoOfDays) values (87, 73, 75, 4, 17, 23);
insert into AddressApplianceMapping (ID, AddressID, ApplianceID, Count, NoOfHours, NoOfDays) values (88, 222, 97, 4, 24, 4);
insert into AddressApplianceMapping (ID, AddressID, ApplianceID, Count, NoOfHours, NoOfDays) values (89, 71, 3, 3, 1, 21);
insert into AddressApplianceMapping (ID, AddressID, ApplianceID, Count, NoOfHours, NoOfDays) values (90, 56, 7, 3, 14, 27);
insert into AddressApplianceMapping (ID, AddressID, ApplianceID, Count, NoOfHours, NoOfDays) values (91, 93, 75, 3, 3, 27);
insert into AddressApplianceMapping (ID, AddressID, ApplianceID, Count, NoOfHours, NoOfDays) values (92, 159, 17, 2, 24, 20);
insert into AddressApplianceMapping (ID, AddressID, ApplianceID, Count, NoOfHours, NoOfDays) values (93, 190, 66, 2, 18, 11);
insert into AddressApplianceMapping (ID, AddressID, ApplianceID, Count, NoOfHours, NoOfDays) values (94, 13, 17, 1, 7, 29);
insert into AddressApplianceMapping (ID, AddressID, ApplianceID, Count, NoOfHours, NoOfDays) values (95, 170, 55, 3, 14, 18);
insert into AddressApplianceMapping (ID, AddressID, ApplianceID, Count, NoOfHours, NoOfDays) values (96, 138, 8, 4, 22, 28);
insert into AddressApplianceMapping (ID, AddressID, ApplianceID, Count, NoOfHours, NoOfDays) values (97, 175, 2, 1, 17, 9);
insert into AddressApplianceMapping (ID, AddressID, ApplianceID, Count, NoOfHours, NoOfDays) values (98, 233, 8, 2, 21, 20);
insert into AddressApplianceMapping (ID, AddressID, ApplianceID, Count, NoOfHours, NoOfDays) values (99, 1, 79, 1, 4, 9);
insert into AddressApplianceMapping (ID, AddressID, ApplianceID, Count, NoOfHours, NoOfDays) values (100, 247, 13, 4, 7, 13);
insert into AddressApplianceMapping (ID, AddressID, ApplianceID, Count, NoOfHours, NoOfDays) values (101, 243, 71, 3, 9, 6);
insert into AddressApplianceMapping (ID, AddressID, ApplianceID, Count, NoOfHours, NoOfDays) values (102, 97, 82, 3, 10, 3);
insert into AddressApplianceMapping (ID, AddressID, ApplianceID, Count, NoOfHours, NoOfDays) values (103, 239, 7, 3, 6, 25);
insert into AddressApplianceMapping (ID, AddressID, ApplianceID, Count, NoOfHours, NoOfDays) values (104, 122, 83, 4, 19, 2);
insert into AddressApplianceMapping (ID, AddressID, ApplianceID, Count, NoOfHours, NoOfDays) values (105, 29, 13, 1, 12, 24);
insert into AddressApplianceMapping (ID, AddressID, ApplianceID, Count, NoOfHours, NoOfDays) values (106, 125, 83, 4, 4, 3);
insert into AddressApplianceMapping (ID, AddressID, ApplianceID, Count, NoOfHours, NoOfDays) values (107, 149, 73, 2, 23, 29);
insert into AddressApplianceMapping (ID, AddressID, ApplianceID, Count, NoOfHours, NoOfDays) values (108, 182, 81, 4, 20, 22);
insert into AddressApplianceMapping (ID, AddressID, ApplianceID, Count, NoOfHours, NoOfDays) values (109, 171, 38, 2, 12, 1);
insert into AddressApplianceMapping (ID, AddressID, ApplianceID, Count, NoOfHours, NoOfDays) values (110, 173, 100, 4, 24, 1);
insert into AddressApplianceMapping (ID, AddressID, ApplianceID, Count, NoOfHours, NoOfDays) values (111, 58, 53, 1, 18, 15);
insert into AddressApplianceMapping (ID, AddressID, ApplianceID, Count, NoOfHours, NoOfDays) values (112, 53, 23, 2, 17, 5);
insert into AddressApplianceMapping (ID, AddressID, ApplianceID, Count, NoOfHours, NoOfDays) values (113, 211, 87, 1, 21, 23);
insert into AddressApplianceMapping (ID, AddressID, ApplianceID, Count, NoOfHours, NoOfDays) values (114, 216, 5, 2, 11, 8);
insert into AddressApplianceMapping (ID, AddressID, ApplianceID, Count, NoOfHours, NoOfDays) values (115, 211, 5, 4, 17, 28);
insert into AddressApplianceMapping (ID, AddressID, ApplianceID, Count, NoOfHours, NoOfDays) values (116, 68, 25, 1, 23, 14);
insert into AddressApplianceMapping (ID, AddressID, ApplianceID, Count, NoOfHours, NoOfDays) values (117, 81, 67, 3, 5, 28);
insert into AddressApplianceMapping (ID, AddressID, ApplianceID, Count, NoOfHours, NoOfDays) values (118, 86, 12, 2, 5, 29);
insert into AddressApplianceMapping (ID, AddressID, ApplianceID, Count, NoOfHours, NoOfDays) values (119, 31, 71, 1, 23, 1);
insert into AddressApplianceMapping (ID, AddressID, ApplianceID, Count, NoOfHours, NoOfDays) values (120, 236, 31, 1, 17, 8);
insert into AddressApplianceMapping (ID, AddressID, ApplianceID, Count, NoOfHours, NoOfDays) values (121, 215, 102, 1, 4, 20);
insert into AddressApplianceMapping (ID, AddressID, ApplianceID, Count, NoOfHours, NoOfDays) values (122, 82, 79, 4, 12, 19);
insert into AddressApplianceMapping (ID, AddressID, ApplianceID, Count, NoOfHours, NoOfDays) values (123, 194, 38, 1, 17, 20);
insert into AddressApplianceMapping (ID, AddressID, ApplianceID, Count, NoOfHours, NoOfDays) values (124, 119, 58, 3, 20, 25);
insert into AddressApplianceMapping (ID, AddressID, ApplianceID, Count, NoOfHours, NoOfDays) values (125, 101, 71, 1, 15, 8);
insert into AddressApplianceMapping (ID, AddressID, ApplianceID, Count, NoOfHours, NoOfDays) values (126, 238, 45, 1, 18, 3);
insert into AddressApplianceMapping (ID, AddressID, ApplianceID, Count, NoOfHours, NoOfDays) values (127, 152, 85, 3, 18, 22);
insert into AddressApplianceMapping (ID, AddressID, ApplianceID, Count, NoOfHours, NoOfDays) values (128, 123, 64, 4, 10, 15);
insert into AddressApplianceMapping (ID, AddressID, ApplianceID, Count, NoOfHours, NoOfDays) values (129, 19, 35, 1, 11, 4);
insert into AddressApplianceMapping (ID, AddressID, ApplianceID, Count, NoOfHours, NoOfDays) values (130, 6, 58, 3, 10, 2);
insert into AddressApplianceMapping (ID, AddressID, ApplianceID, Count, NoOfHours, NoOfDays) values (131, 222, 77, 3, 1, 19);
insert into AddressApplianceMapping (ID, AddressID, ApplianceID, Count, NoOfHours, NoOfDays) values (132, 48, 42, 4, 21, 5);
insert into AddressApplianceMapping (ID, AddressID, ApplianceID, Count, NoOfHours, NoOfDays) values (133, 89, 90, 4, 12, 30);
insert into AddressApplianceMapping (ID, AddressID, ApplianceID, Count, NoOfHours, NoOfDays) values (134, 242, 14, 3, 2, 17);
insert into AddressApplianceMapping (ID, AddressID, ApplianceID, Count, NoOfHours, NoOfDays) values (135, 205, 95, 4, 2, 7);
insert into AddressApplianceMapping (ID, AddressID, ApplianceID, Count, NoOfHours, NoOfDays) values (136, 6, 9, 1, 2, 25);
insert into AddressApplianceMapping (ID, AddressID, ApplianceID, Count, NoOfHours, NoOfDays) values (137, 46, 91, 3, 11, 2);
insert into AddressApplianceMapping (ID, AddressID, ApplianceID, Count, NoOfHours, NoOfDays) values (138, 96, 51, 4, 18, 28);
insert into AddressApplianceMapping (ID, AddressID, ApplianceID, Count, NoOfHours, NoOfDays) values (139, 194, 4, 3, 7, 21);
insert into AddressApplianceMapping (ID, AddressID, ApplianceID, Count, NoOfHours, NoOfDays) values (140, 152, 73, 4, 12, 19);
insert into AddressApplianceMapping (ID, AddressID, ApplianceID, Count, NoOfHours, NoOfDays) values (141, 156, 52, 2, 9, 25);
insert into AddressApplianceMapping (ID, AddressID, ApplianceID, Count, NoOfHours, NoOfDays) values (142, 235, 68, 2, 9, 7);
insert into AddressApplianceMapping (ID, AddressID, ApplianceID, Count, NoOfHours, NoOfDays) values (143, 64, 23, 3, 22, 9);
insert into AddressApplianceMapping (ID, AddressID, ApplianceID, Count, NoOfHours, NoOfDays) values (144, 181, 93, 1, 24, 1);
insert into AddressApplianceMapping (ID, AddressID, ApplianceID, Count, NoOfHours, NoOfDays) values (145, 34, 9, 2, 22, 9);
insert into AddressApplianceMapping (ID, AddressID, ApplianceID, Count, NoOfHours, NoOfDays) values (146, 101, 32, 2, 22, 5);
insert into AddressApplianceMapping (ID, AddressID, ApplianceID, Count, NoOfHours, NoOfDays) values (147, 106, 94, 3, 13, 10);
insert into AddressApplianceMapping (ID, AddressID, ApplianceID, Count, NoOfHours, NoOfDays) values (148, 31, 8, 2, 1, 19);
insert into AddressApplianceMapping (ID, AddressID, ApplianceID, Count, NoOfHours, NoOfDays) values (149, 172, 11, 3, 16, 10);
insert into AddressApplianceMapping (ID, AddressID, ApplianceID, Count, NoOfHours, NoOfDays) values (150, 80, 31, 2, 7, 3);
insert into AddressApplianceMapping (ID, AddressID, ApplianceID, Count, NoOfHours, NoOfDays) values (151, 25, 13, 4, 22, 25);
insert into AddressApplianceMapping (ID, AddressID, ApplianceID, Count, NoOfHours, NoOfDays) values (152, 226, 90, 1, 23, 6);
insert into AddressApplianceMapping (ID, AddressID, ApplianceID, Count, NoOfHours, NoOfDays) values (153, 211, 43, 1, 18, 13);
insert into AddressApplianceMapping (ID, AddressID, ApplianceID, Count, NoOfHours, NoOfDays) values (154, 125, 15, 1, 11, 10);
insert into AddressApplianceMapping (ID, AddressID, ApplianceID, Count, NoOfHours, NoOfDays) values (155, 36, 39, 3, 18, 18);
insert into AddressApplianceMapping (ID, AddressID, ApplianceID, Count, NoOfHours, NoOfDays) values (156, 48, 91, 2, 8, 21);
insert into AddressApplianceMapping (ID, AddressID, ApplianceID, Count, NoOfHours, NoOfDays) values (157, 187, 57, 3, 2, 2);
insert into AddressApplianceMapping (ID, AddressID, ApplianceID, Count, NoOfHours, NoOfDays) values (158, 117, 32, 1, 17, 6);
insert into AddressApplianceMapping (ID, AddressID, ApplianceID, Count, NoOfHours, NoOfDays) values (159, 167, 20, 4, 2, 6);
insert into AddressApplianceMapping (ID, AddressID, ApplianceID, Count, NoOfHours, NoOfDays) values (160, 185, 32, 3, 11, 21);
insert into AddressApplianceMapping (ID, AddressID, ApplianceID, Count, NoOfHours, NoOfDays) values (161, 246, 60, 4, 3, 25);
insert into AddressApplianceMapping (ID, AddressID, ApplianceID, Count, NoOfHours, NoOfDays) values (162, 223, 59, 1, 18, 17);
insert into AddressApplianceMapping (ID, AddressID, ApplianceID, Count, NoOfHours, NoOfDays) values (163, 161, 64, 1, 4, 3);
insert into AddressApplianceMapping (ID, AddressID, ApplianceID, Count, NoOfHours, NoOfDays) values (164, 232, 24, 3, 13, 23);
insert into AddressApplianceMapping (ID, AddressID, ApplianceID, Count, NoOfHours, NoOfDays) values (165, 246, 101, 2, 11, 25);
insert into AddressApplianceMapping (ID, AddressID, ApplianceID, Count, NoOfHours, NoOfDays) values (166, 236, 68, 4, 16, 14);
insert into AddressApplianceMapping (ID, AddressID, ApplianceID, Count, NoOfHours, NoOfDays) values (167, 151, 4, 3, 18, 25);
insert into AddressApplianceMapping (ID, AddressID, ApplianceID, Count, NoOfHours, NoOfDays) values (168, 87, 77, 4, 17, 5);
insert into AddressApplianceMapping (ID, AddressID, ApplianceID, Count, NoOfHours, NoOfDays) values (169, 106, 63, 2, 3, 21);
insert into AddressApplianceMapping (ID, AddressID, ApplianceID, Count, NoOfHours, NoOfDays) values (170, 86, 82, 4, 16, 15);
insert into AddressApplianceMapping (ID, AddressID, ApplianceID, Count, NoOfHours, NoOfDays) values (171, 149, 30, 3, 1, 1);
insert into AddressApplianceMapping (ID, AddressID, ApplianceID, Count, NoOfHours, NoOfDays) values (172, 102, 20, 4, 1, 29);
insert into AddressApplianceMapping (ID, AddressID, ApplianceID, Count, NoOfHours, NoOfDays) values (173, 81, 54, 3, 3, 19);
insert into AddressApplianceMapping (ID, AddressID, ApplianceID, Count, NoOfHours, NoOfDays) values (174, 121, 73, 1, 3, 22);
insert into AddressApplianceMapping (ID, AddressID, ApplianceID, Count, NoOfHours, NoOfDays) values (175, 22, 62, 1, 9, 11);
insert into AddressApplianceMapping (ID, AddressID, ApplianceID, Count, NoOfHours, NoOfDays) values (176, 34, 12, 2, 13, 25);
insert into AddressApplianceMapping (ID, AddressID, ApplianceID, Count, NoOfHours, NoOfDays) values (177, 7, 47, 3, 5, 26);
insert into AddressApplianceMapping (ID, AddressID, ApplianceID, Count, NoOfHours, NoOfDays) values (178, 185, 34, 3, 2, 28);
insert into AddressApplianceMapping (ID, AddressID, ApplianceID, Count, NoOfHours, NoOfDays) values (179, 26, 16, 2, 24, 14);
insert into AddressApplianceMapping (ID, AddressID, ApplianceID, Count, NoOfHours, NoOfDays) values (180, 52, 19, 1, 5, 12);
insert into AddressApplianceMapping (ID, AddressID, ApplianceID, Count, NoOfHours, NoOfDays) values (181, 66, 64, 1, 17, 11);
insert into AddressApplianceMapping (ID, AddressID, ApplianceID, Count, NoOfHours, NoOfDays) values (182, 199, 55, 3, 5, 23);
insert into AddressApplianceMapping (ID, AddressID, ApplianceID, Count, NoOfHours, NoOfDays) values (183, 115, 102, 1, 2, 6);
insert into AddressApplianceMapping (ID, AddressID, ApplianceID, Count, NoOfHours, NoOfDays) values (184, 164, 97, 1, 16, 25);
insert into AddressApplianceMapping (ID, AddressID, ApplianceID, Count, NoOfHours, NoOfDays) values (185, 240, 68, 1, 23, 29);
insert into AddressApplianceMapping (ID, AddressID, ApplianceID, Count, NoOfHours, NoOfDays) values (186, 190, 32, 4, 7, 8);
insert into AddressApplianceMapping (ID, AddressID, ApplianceID, Count, NoOfHours, NoOfDays) values (187, 125, 83, 1, 23, 14);
insert into AddressApplianceMapping (ID, AddressID, ApplianceID, Count, NoOfHours, NoOfDays) values (188, 85, 78, 2, 4, 9);
insert into AddressApplianceMapping (ID, AddressID, ApplianceID, Count, NoOfHours, NoOfDays) values (189, 214, 46, 3, 21, 5);
insert into AddressApplianceMapping (ID, AddressID, ApplianceID, Count, NoOfHours, NoOfDays) values (190, 217, 5, 2, 11, 1);
insert into AddressApplianceMapping (ID, AddressID, ApplianceID, Count, NoOfHours, NoOfDays) values (191, 153, 11, 2, 24, 10);
insert into AddressApplianceMapping (ID, AddressID, ApplianceID, Count, NoOfHours, NoOfDays) values (192, 130, 48, 2, 8, 29);
insert into AddressApplianceMapping (ID, AddressID, ApplianceID, Count, NoOfHours, NoOfDays) values (193, 29, 93, 4, 11, 30);
insert into AddressApplianceMapping (ID, AddressID, ApplianceID, Count, NoOfHours, NoOfDays) values (194, 101, 27, 2, 6, 9);
insert into AddressApplianceMapping (ID, AddressID, ApplianceID, Count, NoOfHours, NoOfDays) values (195, 159, 36, 3, 9, 7);
insert into AddressApplianceMapping (ID, AddressID, ApplianceID, Count, NoOfHours, NoOfDays) values (196, 26, 87, 4, 7, 22);
insert into AddressApplianceMapping (ID, AddressID, ApplianceID, Count, NoOfHours, NoOfDays) values (197, 208, 54, 1, 24, 29);
insert into AddressApplianceMapping (ID, AddressID, ApplianceID, Count, NoOfHours, NoOfDays) values (198, 229, 24, 3, 23, 1);
insert into AddressApplianceMapping (ID, AddressID, ApplianceID, Count, NoOfHours, NoOfDays) values (199, 64, 10, 1, 14, 19);
insert into AddressApplianceMapping (ID, AddressID, ApplianceID, Count, NoOfHours, NoOfDays) values (200, 180, 47, 2, 20, 21);
insert into AddressApplianceMapping (ID, AddressID, ApplianceID, Count, NoOfHours, NoOfDays) values (201, 249, 3, 3, 14, 30);
insert into AddressApplianceMapping (ID, AddressID, ApplianceID, Count, NoOfHours, NoOfDays) values (202, 13, 39, 1, 18, 21);
insert into AddressApplianceMapping (ID, AddressID, ApplianceID, Count, NoOfHours, NoOfDays) values (203, 130, 87, 4, 17, 27);
insert into AddressApplianceMapping (ID, AddressID, ApplianceID, Count, NoOfHours, NoOfDays) values (204, 19, 56, 1, 9, 3);
insert into AddressApplianceMapping (ID, AddressID, ApplianceID, Count, NoOfHours, NoOfDays) values (205, 122, 63, 3, 24, 11);
insert into AddressApplianceMapping (ID, AddressID, ApplianceID, Count, NoOfHours, NoOfDays) values (206, 191, 70, 3, 3, 11);
insert into AddressApplianceMapping (ID, AddressID, ApplianceID, Count, NoOfHours, NoOfDays) values (207, 233, 17, 2, 9, 6);
insert into AddressApplianceMapping (ID, AddressID, ApplianceID, Count, NoOfHours, NoOfDays) values (208, 206, 100, 1, 24, 1);
insert into AddressApplianceMapping (ID, AddressID, ApplianceID, Count, NoOfHours, NoOfDays) values (209, 83, 81, 4, 7, 30);
insert into AddressApplianceMapping (ID, AddressID, ApplianceID, Count, NoOfHours, NoOfDays) values (210, 149, 13, 3, 24, 17);
insert into AddressApplianceMapping (ID, AddressID, ApplianceID, Count, NoOfHours, NoOfDays) values (211, 14, 16, 2, 11, 12);
insert into AddressApplianceMapping (ID, AddressID, ApplianceID, Count, NoOfHours, NoOfDays) values (212, 211, 75, 2, 10, 26);
insert into AddressApplianceMapping (ID, AddressID, ApplianceID, Count, NoOfHours, NoOfDays) values (213, 40, 53, 4, 1, 21);
insert into AddressApplianceMapping (ID, AddressID, ApplianceID, Count, NoOfHours, NoOfDays) values (214, 217, 91, 2, 18, 14);
insert into AddressApplianceMapping (ID, AddressID, ApplianceID, Count, NoOfHours, NoOfDays) values (215, 11, 83, 4, 11, 4);
insert into AddressApplianceMapping (ID, AddressID, ApplianceID, Count, NoOfHours, NoOfDays) values (216, 145, 72, 3, 18, 5);
insert into AddressApplianceMapping (ID, AddressID, ApplianceID, Count, NoOfHours, NoOfDays) values (217, 41, 94, 1, 2, 1);
insert into AddressApplianceMapping (ID, AddressID, ApplianceID, Count, NoOfHours, NoOfDays) values (218, 105, 6, 3, 7, 4);
insert into AddressApplianceMapping (ID, AddressID, ApplianceID, Count, NoOfHours, NoOfDays) values (219, 108, 1, 1, 5, 28);
insert into AddressApplianceMapping (ID, AddressID, ApplianceID, Count, NoOfHours, NoOfDays) values (220, 121, 22, 3, 11, 14);
insert into AddressApplianceMapping (ID, AddressID, ApplianceID, Count, NoOfHours, NoOfDays) values (221, 125, 84, 3, 7, 3);
insert into AddressApplianceMapping (ID, AddressID, ApplianceID, Count, NoOfHours, NoOfDays) values (222, 39, 17, 1, 18, 6);
insert into AddressApplianceMapping (ID, AddressID, ApplianceID, Count, NoOfHours, NoOfDays) values (223, 196, 15, 4, 8, 30);
insert into AddressApplianceMapping (ID, AddressID, ApplianceID, Count, NoOfHours, NoOfDays) values (224, 70, 68, 2, 16, 1);
insert into AddressApplianceMapping (ID, AddressID, ApplianceID, Count, NoOfHours, NoOfDays) values (225, 146, 68, 4, 6, 21);
insert into AddressApplianceMapping (ID, AddressID, ApplianceID, Count, NoOfHours, NoOfDays) values (226, 193, 41, 1, 4, 4);
insert into AddressApplianceMapping (ID, AddressID, ApplianceID, Count, NoOfHours, NoOfDays) values (227, 223, 55, 4, 14, 21);
insert into AddressApplianceMapping (ID, AddressID, ApplianceID, Count, NoOfHours, NoOfDays) values (228, 69, 98, 2, 5, 14);
insert into AddressApplianceMapping (ID, AddressID, ApplianceID, Count, NoOfHours, NoOfDays) values (229, 40, 19, 4, 24, 3);
insert into AddressApplianceMapping (ID, AddressID, ApplianceID, Count, NoOfHours, NoOfDays) values (230, 3, 20, 1, 13, 30);
insert into AddressApplianceMapping (ID, AddressID, ApplianceID, Count, NoOfHours, NoOfDays) values (231, 228, 3, 3, 8, 27);
insert into AddressApplianceMapping (ID, AddressID, ApplianceID, Count, NoOfHours, NoOfDays) values (232, 238, 92, 3, 17, 7);
insert into AddressApplianceMapping (ID, AddressID, ApplianceID, Count, NoOfHours, NoOfDays) values (233, 5, 18, 2, 1, 5);
insert into AddressApplianceMapping (ID, AddressID, ApplianceID, Count, NoOfHours, NoOfDays) values (234, 145, 17, 3, 8, 22);
insert into AddressApplianceMapping (ID, AddressID, ApplianceID, Count, NoOfHours, NoOfDays) values (235, 29, 56, 3, 19, 16);
insert into AddressApplianceMapping (ID, AddressID, ApplianceID, Count, NoOfHours, NoOfDays) values (236, 84, 39, 2, 8, 7);
insert into AddressApplianceMapping (ID, AddressID, ApplianceID, Count, NoOfHours, NoOfDays) values (237, 164, 65, 2, 5, 17);
insert into AddressApplianceMapping (ID, AddressID, ApplianceID, Count, NoOfHours, NoOfDays) values (238, 32, 83, 3, 6, 15);
insert into AddressApplianceMapping (ID, AddressID, ApplianceID, Count, NoOfHours, NoOfDays) values (239, 1, 41, 4, 9, 15);
insert into AddressApplianceMapping (ID, AddressID, ApplianceID, Count, NoOfHours, NoOfDays) values (240, 118, 25, 2, 13, 18);
insert into AddressApplianceMapping (ID, AddressID, ApplianceID, Count, NoOfHours, NoOfDays) values (241, 190, 64, 3, 9, 12);
insert into AddressApplianceMapping (ID, AddressID, ApplianceID, Count, NoOfHours, NoOfDays) values (242, 114, 89, 2, 13, 28);
insert into AddressApplianceMapping (ID, AddressID, ApplianceID, Count, NoOfHours, NoOfDays) values (243, 103, 37, 1, 5, 17);
insert into AddressApplianceMapping (ID, AddressID, ApplianceID, Count, NoOfHours, NoOfDays) values (244, 89, 13, 4, 2, 8);
insert into AddressApplianceMapping (ID, AddressID, ApplianceID, Count, NoOfHours, NoOfDays) values (245, 232, 49, 1, 4, 25);
insert into AddressApplianceMapping (ID, AddressID, ApplianceID, Count, NoOfHours, NoOfDays) values (246, 53, 69, 2, 18, 28);
insert into AddressApplianceMapping (ID, AddressID, ApplianceID, Count, NoOfHours, NoOfDays) values (247, 116, 27, 2, 11, 21);
insert into AddressApplianceMapping (ID, AddressID, ApplianceID, Count, NoOfHours, NoOfDays) values (248, 184, 18, 1, 12, 26);
insert into AddressApplianceMapping (ID, AddressID, ApplianceID, Count, NoOfHours, NoOfDays) values (249, 99, 62, 3, 21, 9);
insert into AddressApplianceMapping (ID, AddressID, ApplianceID, Count, NoOfHours, NoOfDays) values (250, 179, 41, 2, 18, 18);


insert into BillHistory (ID, AddressID, FromDate, ToDate, ElectricityAmount, GasAmount) values (1, 29, '2020-09-24 08:48:01', '2020-11-24 08:48:01', 97.66, 100.09);
insert into BillHistory (ID, AddressID, FromDate, ToDate, ElectricityAmount, GasAmount) values (2, 91, '2020-12-18 05:06:11', '2021-03-18 05:06:11', 69.29, 63.02);
insert into BillHistory (ID, AddressID, FromDate, ToDate, ElectricityAmount, GasAmount) values (3, 241, '2022-06-07 02:39:12', '2022-12-07 02:39:12', 354.28, 520.81);
insert into BillHistory (ID, AddressID, FromDate, ToDate, ElectricityAmount, GasAmount) values (4, 212, '2022-09-08 21:51:26', '2023-01-08 21:51:26', 342.11, 107.27);
insert into BillHistory (ID, AddressID, FromDate, ToDate, ElectricityAmount, GasAmount) values (5, 12, '2021-05-19 19:16:52', '2021-10-19 19:16:52', 288.77, 300.78);
insert into BillHistory (ID, AddressID, FromDate, ToDate, ElectricityAmount, GasAmount) values (6, 89, '2022-03-13 11:44:51', '2022-06-13 11:44:51', 394.84, 60.86);
insert into BillHistory (ID, AddressID, FromDate, ToDate, ElectricityAmount, GasAmount) values (7, 25, '2020-05-19 11:04:10', '2020-06-19 11:04:10', 260.53, 542.87);
insert into BillHistory (ID, AddressID, FromDate, ToDate, ElectricityAmount, GasAmount) values (8, 2, '2021-10-10 06:33:26', '2022-02-10 06:33:26', 458.62, 135.59);
insert into BillHistory (ID, AddressID, FromDate, ToDate, ElectricityAmount, GasAmount) values (9, 234, '2021-04-26 16:28:43', '2021-08-26 16:28:43', 231.2, 492.64);
insert into BillHistory (ID, AddressID, FromDate, ToDate, ElectricityAmount, GasAmount) values (10, 68, '2021-03-30 18:22:32', '2021-05-30 18:22:32', 216.86, 37.06);
insert into BillHistory (ID, AddressID, FromDate, ToDate, ElectricityAmount, GasAmount) values (11, 135, '2021-06-05 02:39:49', '2021-11-05 02:39:49', 433.68, 182.11);
insert into BillHistory (ID, AddressID, FromDate, ToDate, ElectricityAmount, GasAmount) values (12, 26, '2022-09-19 11:48:30', '2023-03-19 11:48:30', 114.15, 507.36);
insert into BillHistory (ID, AddressID, FromDate, ToDate, ElectricityAmount, GasAmount) values (13, 173, '2021-11-25 22:18:53', '2022-01-25 22:18:53', 34.21, 121.47);
insert into BillHistory (ID, AddressID, FromDate, ToDate, ElectricityAmount, GasAmount) values (14, 20, '2020-11-26 05:15:23', '2021-03-26 05:15:23', 208.11, 135.7);
insert into BillHistory (ID, AddressID, FromDate, ToDate, ElectricityAmount, GasAmount) values (15, 12, '2020-05-05 11:51:55', '2020-08-05 11:51:55', 221.32, 104.75);
insert into BillHistory (ID, AddressID, FromDate, ToDate, ElectricityAmount, GasAmount) values (16, 97, '2020-07-10 15:55:55', '2020-11-10 15:55:55', 246.36, 511.32);
insert into BillHistory (ID, AddressID, FromDate, ToDate, ElectricityAmount, GasAmount) values (17, 81, '2021-05-18 22:37:51', '2021-09-18 22:37:51', 84.41, 529.09);
insert into BillHistory (ID, AddressID, FromDate, ToDate, ElectricityAmount, GasAmount) values (18, 140, '2020-03-29 08:09:00', '2020-04-29 08:09:00', 267.4, 74.72);
insert into BillHistory (ID, AddressID, FromDate, ToDate, ElectricityAmount, GasAmount) values (19, 246, '2023-04-12 21:47:51', '2023-08-12 21:47:51', 246.74, 132.26);
insert into BillHistory (ID, AddressID, FromDate, ToDate, ElectricityAmount, GasAmount) values (20, 202, '2022-03-30 13:33:02', '2022-04-30 13:33:02', 248.46, 301.82);
insert into BillHistory (ID, AddressID, FromDate, ToDate, ElectricityAmount, GasAmount) values (21, 249, '2023-01-28 15:54:09', '2023-04-28 15:54:09', 475.69, 423.46);
insert into BillHistory (ID, AddressID, FromDate, ToDate, ElectricityAmount, GasAmount) values (22, 152, '2021-03-20 03:52:32', '2021-09-20 03:52:32', 194.16, 477.83);
insert into BillHistory (ID, AddressID, FromDate, ToDate, ElectricityAmount, GasAmount) values (23, 166, '2023-01-03 16:11:05', '2023-07-03 16:11:05', 124.97, 469.91);
insert into BillHistory (ID, AddressID, FromDate, ToDate, ElectricityAmount, GasAmount) values (24, 144, '2021-07-12 15:03:41', '2022-01-12 15:03:41', 98.22, 319.79);
insert into BillHistory (ID, AddressID, FromDate, ToDate, ElectricityAmount, GasAmount) values (25, 19, '2021-10-27 23:37:20', '2022-03-27 23:37:20', 202.65, 222.12);
insert into BillHistory (ID, AddressID, FromDate, ToDate, ElectricityAmount, GasAmount) values (26, 188, '2021-01-22 05:04:34', '2021-05-22 05:04:34', 1.07, 525.17);
insert into BillHistory (ID, AddressID, FromDate, ToDate, ElectricityAmount, GasAmount) values (27, 140, '2020-10-17 11:02:55', '2021-01-17 11:02:55', 379.64, 416.92);
insert into BillHistory (ID, AddressID, FromDate, ToDate, ElectricityAmount, GasAmount) values (28, 37, '2020-05-11 16:00:01', '2020-10-11 16:00:01', 87.63, 205.63);
insert into BillHistory (ID, AddressID, FromDate, ToDate, ElectricityAmount, GasAmount) values (29, 41, '2020-11-18 16:06:32', '2021-02-18 16:06:32', 296.99, 338.17);
insert into BillHistory (ID, AddressID, FromDate, ToDate, ElectricityAmount, GasAmount) values (30, 229, '2022-04-17 18:39:02', '2022-07-17 18:39:02', 161.42, 400.38);
insert into BillHistory (ID, AddressID, FromDate, ToDate, ElectricityAmount, GasAmount) values (31, 154, '2021-06-02 18:58:52', '2021-12-02 18:58:52', 87.22, 229.9);
insert into BillHistory (ID, AddressID, FromDate, ToDate, ElectricityAmount, GasAmount) values (32, 149, '2022-07-21 20:14:36', '2022-08-21 20:14:36', 21.57, 127.22);
insert into BillHistory (ID, AddressID, FromDate, ToDate, ElectricityAmount, GasAmount) values (33, 166, '2023-03-04 15:58:50', '2023-08-04 15:58:50', 294.39, 353.09);
insert into BillHistory (ID, AddressID, FromDate, ToDate, ElectricityAmount, GasAmount) values (34, 16, '2020-08-11 17:26:27', '2020-10-11 17:26:27', 65.03, 382.1);
insert into BillHistory (ID, AddressID, FromDate, ToDate, ElectricityAmount, GasAmount) values (35, 125, '2020-03-25 02:21:35', '2020-05-25 02:21:35', 135.89, 480.76);
insert into BillHistory (ID, AddressID, FromDate, ToDate, ElectricityAmount, GasAmount) values (36, 32, '2020-02-16 16:52:52', '2020-08-16 16:52:52', 208.92, 408.0);
insert into BillHistory (ID, AddressID, FromDate, ToDate, ElectricityAmount, GasAmount) values (37, 235, '2020-12-25 00:20:03', '2021-06-25 00:20:03', 315.7, 261.91);
insert into BillHistory (ID, AddressID, FromDate, ToDate, ElectricityAmount, GasAmount) values (38, 104, '2021-06-01 02:49:36', '2021-12-01 02:49:36', 415.17, 489.66);
insert into BillHistory (ID, AddressID, FromDate, ToDate, ElectricityAmount, GasAmount) values (39, 236, '2022-10-13 03:13:50', '2023-03-13 03:13:50', 65.08, 45.41);
insert into BillHistory (ID, AddressID, FromDate, ToDate, ElectricityAmount, GasAmount) values (40, 215, '2022-01-09 08:09:57', '2022-06-09 08:09:57', 26.58, 60.97);
insert into BillHistory (ID, AddressID, FromDate, ToDate, ElectricityAmount, GasAmount) values (41, 124, '2022-08-02 02:19:37', '2022-12-02 02:19:37', 503.76, 142.43);
insert into BillHistory (ID, AddressID, FromDate, ToDate, ElectricityAmount, GasAmount) values (42, 77, '2022-08-10 03:39:49', '2023-01-10 03:39:49', 8.63, 195.8);
insert into BillHistory (ID, AddressID, FromDate, ToDate, ElectricityAmount, GasAmount) values (43, 240, '2020-04-04 05:03:32', '2020-08-04 05:03:32', 193.64, 310.09);
insert into BillHistory (ID, AddressID, FromDate, ToDate, ElectricityAmount, GasAmount) values (44, 96, '2022-02-12 02:36:55', '2022-05-12 02:36:55', 477.0, 337.15);
insert into BillHistory (ID, AddressID, FromDate, ToDate, ElectricityAmount, GasAmount) values (45, 196, '2021-07-12 01:15:53', '2021-12-12 01:15:53', 252.52, 113.24);
insert into BillHistory (ID, AddressID, FromDate, ToDate, ElectricityAmount, GasAmount) values (46, 181, '2020-07-03 06:56:29', '2021-01-03 06:56:29', 403.1, 32.31);
insert into BillHistory (ID, AddressID, FromDate, ToDate, ElectricityAmount, GasAmount) values (47, 245, '2020-07-15 22:06:58', '2021-01-15 22:06:58', 288.73, 442.94);
insert into BillHistory (ID, AddressID, FromDate, ToDate, ElectricityAmount, GasAmount) values (48, 170, '2022-10-06 01:32:19', '2023-03-06 01:32:19', 322.19, 484.21);
insert into BillHistory (ID, AddressID, FromDate, ToDate, ElectricityAmount, GasAmount) values (49, 102, '2021-10-01 23:52:46', '2022-04-01 23:52:46', 96.89, 373.52);
insert into BillHistory (ID, AddressID, FromDate, ToDate, ElectricityAmount, GasAmount) values (50, 122, '2022-03-10 23:26:04', '2022-06-10 23:26:04', 154.35, 401.88);
insert into BillHistory (ID, AddressID, FromDate, ToDate, ElectricityAmount, GasAmount) values (51, 149, '2022-04-08 22:19:34', '2022-09-08 22:19:34', 352.61, 50.78);
insert into BillHistory (ID, AddressID, FromDate, ToDate, ElectricityAmount, GasAmount) values (52, 177, '2020-08-02 21:23:22', '2021-02-02 21:23:22', 232.31, 252.85);
insert into BillHistory (ID, AddressID, FromDate, ToDate, ElectricityAmount, GasAmount) values (53, 240, '2021-01-27 18:32:48', '2021-04-27 18:32:48', 409.89, 536.75);
insert into BillHistory (ID, AddressID, FromDate, ToDate, ElectricityAmount, GasAmount) values (54, 34, '2021-03-16 03:50:09', '2021-08-16 03:50:09', 385.63, 314.62);
insert into BillHistory (ID, AddressID, FromDate, ToDate, ElectricityAmount, GasAmount) values (55, 186, '2020-03-05 11:32:52', '2020-05-05 11:32:52', 349.76, 507.71);
insert into BillHistory (ID, AddressID, FromDate, ToDate, ElectricityAmount, GasAmount) values (56, 5, '2023-03-14 18:11:08', '2023-06-14 18:11:08', 67.32, 241.45);
insert into BillHistory (ID, AddressID, FromDate, ToDate, ElectricityAmount, GasAmount) values (57, 146, '2020-05-15 18:28:21', '2020-09-15 18:28:21', 197.58, 324.7);
insert into BillHistory (ID, AddressID, FromDate, ToDate, ElectricityAmount, GasAmount) values (58, 158, '2021-11-08 02:34:02', '2022-05-08 02:34:02', 255.35, 463.59);
insert into BillHistory (ID, AddressID, FromDate, ToDate, ElectricityAmount, GasAmount) values (59, 152, '2021-09-14 21:09:09', '2022-03-14 21:09:09', 134.36, 118.88);
insert into BillHistory (ID, AddressID, FromDate, ToDate, ElectricityAmount, GasAmount) values (60, 144, '2022-08-25 08:14:54', '2023-02-25 08:14:54', 396.92, 295.04);
insert into BillHistory (ID, AddressID, FromDate, ToDate, ElectricityAmount, GasAmount) values (61, 184, '2022-12-23 12:01:39', '2023-05-23 12:01:39', 448.06, 181.38);
insert into BillHistory (ID, AddressID, FromDate, ToDate, ElectricityAmount, GasAmount) values (62, 60, '2020-03-24 05:05:31', '2020-09-24 05:05:31', 59.31, 424.48);
insert into BillHistory (ID, AddressID, FromDate, ToDate, ElectricityAmount, GasAmount) values (63, 22, '2020-08-02 09:18:39', '2020-12-02 09:18:39', 131.56, 537.19);
insert into BillHistory (ID, AddressID, FromDate, ToDate, ElectricityAmount, GasAmount) values (64, 60, '2020-11-02 10:47:38', '2021-05-02 10:47:38', 454.92, 458.05);
insert into BillHistory (ID, AddressID, FromDate, ToDate, ElectricityAmount, GasAmount) values (65, 173, '2022-01-24 05:32:35', '2022-03-24 05:32:35', 422.83, 129.52);
insert into BillHistory (ID, AddressID, FromDate, ToDate, ElectricityAmount, GasAmount) values (66, 65, '2020-04-28 13:19:44', '2020-07-28 13:19:44', 87.11, 13.45);
insert into BillHistory (ID, AddressID, FromDate, ToDate, ElectricityAmount, GasAmount) values (67, 10, '2021-12-25 07:44:08', '2022-04-25 07:44:08', 270.8, 106.23);
insert into BillHistory (ID, AddressID, FromDate, ToDate, ElectricityAmount, GasAmount) values (68, 144, '2022-09-24 16:13:40', '2023-02-24 16:13:40', 185.03, 547.64);
insert into BillHistory (ID, AddressID, FromDate, ToDate, ElectricityAmount, GasAmount) values (69, 6, '2020-03-29 10:09:05', '2020-04-29 10:09:05', 514.25, 340.47);
insert into BillHistory (ID, AddressID, FromDate, ToDate, ElectricityAmount, GasAmount) values (70, 49, '2022-01-22 06:32:18', '2022-05-22 06:32:18', 253.27, 78.4);
insert into BillHistory (ID, AddressID, FromDate, ToDate, ElectricityAmount, GasAmount) values (71, 215, '2021-01-28 04:19:16', '2021-04-28 04:19:16', 537.59, 176.86);
insert into BillHistory (ID, AddressID, FromDate, ToDate, ElectricityAmount, GasAmount) values (72, 241, '2021-02-17 15:19:56', '2021-04-17 15:19:56', 50.64, 426.88);
insert into BillHistory (ID, AddressID, FromDate, ToDate, ElectricityAmount, GasAmount) values (73, 43, '2021-09-26 17:03:18', '2021-12-26 17:03:18', 538.19, 231.11);
insert into BillHistory (ID, AddressID, FromDate, ToDate, ElectricityAmount, GasAmount) values (74, 25, '2021-05-06 13:21:02', '2021-09-06 13:21:02', 369.77, 211.86);
insert into BillHistory (ID, AddressID, FromDate, ToDate, ElectricityAmount, GasAmount) values (75, 1, '2021-11-24 18:17:47', '2022-03-24 18:17:47', 70.7, 23.68);
insert into BillHistory (ID, AddressID, FromDate, ToDate, ElectricityAmount, GasAmount) values (76, 110, '2020-12-14 10:02:54', '2021-06-14 10:02:54', 523.56, 349.05);
insert into BillHistory (ID, AddressID, FromDate, ToDate, ElectricityAmount, GasAmount) values (77, 79, '2021-06-24 06:43:00', '2021-08-24 06:43:00', 463.26, 298.04);
insert into BillHistory (ID, AddressID, FromDate, ToDate, ElectricityAmount, GasAmount) values (78, 173, '2020-10-24 08:48:25', '2020-12-24 08:48:25', 50.16, 371.46);
insert into BillHistory (ID, AddressID, FromDate, ToDate, ElectricityAmount, GasAmount) values (79, 236, '2020-08-27 04:27:21', '2021-02-27 04:27:21', 507.92, 348.44);
insert into BillHistory (ID, AddressID, FromDate, ToDate, ElectricityAmount, GasAmount) values (80, 228, '2022-12-07 13:03:09', '2023-06-07 13:03:09', 181.98, 523.49);
insert into BillHistory (ID, AddressID, FromDate, ToDate, ElectricityAmount, GasAmount) values (81, 241, '2022-11-17 04:24:30', '2023-02-17 04:24:30', 450.09, 55.6);
insert into BillHistory (ID, AddressID, FromDate, ToDate, ElectricityAmount, GasAmount) values (82, 164, '2021-01-13 05:48:31', '2021-07-13 05:48:31', 146.69, 507.11);
insert into BillHistory (ID, AddressID, FromDate, ToDate, ElectricityAmount, GasAmount) values (83, 53, '2022-10-07 13:34:13', '2023-02-07 13:34:13', 55.5, 109.25);
insert into BillHistory (ID, AddressID, FromDate, ToDate, ElectricityAmount, GasAmount) values (84, 146, '2021-02-27 17:55:22', '2021-06-27 17:55:22', 38.67, 495.58);
insert into BillHistory (ID, AddressID, FromDate, ToDate, ElectricityAmount, GasAmount) values (85, 102, '2022-02-14 02:08:56', '2022-06-14 02:08:56', 403.85, 188.1);
insert into BillHistory (ID, AddressID, FromDate, ToDate, ElectricityAmount, GasAmount) values (86, 129, '2021-05-04 01:36:14', '2021-11-04 01:36:14', 359.57, 464.03);
insert into BillHistory (ID, AddressID, FromDate, ToDate, ElectricityAmount, GasAmount) values (87, 87, '2022-01-24 22:28:56', '2022-03-24 22:28:56', 107.9, 470.99);
insert into BillHistory (ID, AddressID, FromDate, ToDate, ElectricityAmount, GasAmount) values (88, 228, '2020-03-08 06:20:12', '2020-07-08 06:20:12', 28.35, 512.23);
insert into BillHistory (ID, AddressID, FromDate, ToDate, ElectricityAmount, GasAmount) values (89, 67, '2020-10-02 09:41:44', '2021-04-02 09:41:44', 432.85, 117.17);
insert into BillHistory (ID, AddressID, FromDate, ToDate, ElectricityAmount, GasAmount) values (90, 209, '2023-02-19 02:17:56', '2023-08-19 02:17:56', 508.88, 178.88);
insert into BillHistory (ID, AddressID, FromDate, ToDate, ElectricityAmount, GasAmount) values (91, 250, '2021-11-10 15:02:20', '2022-03-10 15:02:20', 425.09, 41.1);
insert into BillHistory (ID, AddressID, FromDate, ToDate, ElectricityAmount, GasAmount) values (92, 156, '2021-08-28 17:27:27', '2021-09-28 17:27:27', 379.27, 390.13);
insert into BillHistory (ID, AddressID, FromDate, ToDate, ElectricityAmount, GasAmount) values (93, 51, '2022-10-04 04:45:46', '2022-11-04 04:45:46', 443.2, 351.35);
insert into BillHistory (ID, AddressID, FromDate, ToDate, ElectricityAmount, GasAmount) values (94, 43, '2020-02-14 22:10:29', '2020-04-14 22:10:29', 377.06, 537.29);
insert into BillHistory (ID, AddressID, FromDate, ToDate, ElectricityAmount, GasAmount) values (95, 195, '2022-07-03 00:38:38', '2022-11-03 00:38:38', 196.16, 241.41);
insert into BillHistory (ID, AddressID, FromDate, ToDate, ElectricityAmount, GasAmount) values (96, 121, '2021-07-31 12:00:37', '2021-10-31 12:00:37', 138.24, 66.26);
insert into BillHistory (ID, AddressID, FromDate, ToDate, ElectricityAmount, GasAmount) values (97, 214, '2022-11-27 14:48:37', '2023-03-27 14:48:37', 150.14, 83.74);
insert into BillHistory (ID, AddressID, FromDate, ToDate, ElectricityAmount, GasAmount) values (98, 202, '2021-05-25 05:57:18', '2021-09-25 05:57:18', 97.91, 524.43);
insert into BillHistory (ID, AddressID, FromDate, ToDate, ElectricityAmount, GasAmount) values (99, 59, '2020-01-16 06:39:17', '2020-05-16 06:39:17', 116.51, 532.77);
insert into BillHistory (ID, AddressID, FromDate, ToDate, ElectricityAmount, GasAmount) values (100, 157, '2020-09-24 21:44:32', '2020-12-24 21:44:32', 243.73, 476.2);
insert into BillHistory (ID, AddressID, FromDate, ToDate, ElectricityAmount, GasAmount) values (101, 185, '2021-03-16 17:18:18', '2021-08-16 17:18:18', 341.53, 231.9);
insert into BillHistory (ID, AddressID, FromDate, ToDate, ElectricityAmount, GasAmount) values (102, 20, '2022-02-17 17:21:30', '2022-04-17 17:21:30', 187.63, 108.73);
insert into BillHistory (ID, AddressID, FromDate, ToDate, ElectricityAmount, GasAmount) values (103, 234, '2022-10-11 04:26:51', '2023-01-11 04:26:51', 453.21, 228.4);
insert into BillHistory (ID, AddressID, FromDate, ToDate, ElectricityAmount, GasAmount) values (104, 173, '2020-08-16 15:15:44', '2021-01-16 15:15:44', 459.43, 169.71);
insert into BillHistory (ID, AddressID, FromDate, ToDate, ElectricityAmount, GasAmount) values (105, 16, '2022-12-19 19:02:50', '2023-05-19 19:02:50', 300.7, 392.53);
insert into BillHistory (ID, AddressID, FromDate, ToDate, ElectricityAmount, GasAmount) values (106, 136, '2022-05-03 23:49:43', '2022-11-03 23:49:43', 540.54, 487.41);
insert into BillHistory (ID, AddressID, FromDate, ToDate, ElectricityAmount, GasAmount) values (107, 128, '2022-11-10 21:39:12', '2022-12-10 21:39:12', 461.42, 31.37);
insert into BillHistory (ID, AddressID, FromDate, ToDate, ElectricityAmount, GasAmount) values (108, 211, '2022-01-22 12:16:43', '2022-05-22 12:16:43', 255.67, 320.23);
insert into BillHistory (ID, AddressID, FromDate, ToDate, ElectricityAmount, GasAmount) values (109, 137, '2023-01-08 07:35:59', '2023-06-08 07:35:59', 216.01, 370.14);
insert into BillHistory (ID, AddressID, FromDate, ToDate, ElectricityAmount, GasAmount) values (110, 221, '2020-07-03 18:38:04', '2020-11-03 18:38:04', 394.85, 144.8);
insert into BillHistory (ID, AddressID, FromDate, ToDate, ElectricityAmount, GasAmount) values (111, 121, '2020-08-21 05:59:53', '2021-01-21 05:59:53', 55.8, 0.9);
insert into BillHistory (ID, AddressID, FromDate, ToDate, ElectricityAmount, GasAmount) values (112, 137, '2023-01-26 14:51:20', '2023-05-26 14:51:20', 365.01, 514.96);
insert into BillHistory (ID, AddressID, FromDate, ToDate, ElectricityAmount, GasAmount) values (113, 66, '2021-04-10 07:22:09', '2021-08-10 07:22:09', 499.91, 309.93);
insert into BillHistory (ID, AddressID, FromDate, ToDate, ElectricityAmount, GasAmount) values (114, 169, '2022-11-12 21:06:28', '2023-01-12 21:06:28', 465.56, 392.13);
insert into BillHistory (ID, AddressID, FromDate, ToDate, ElectricityAmount, GasAmount) values (115, 189, '2021-01-01 09:52:47', '2021-07-01 09:52:47', 466.02, 269.5);
insert into BillHistory (ID, AddressID, FromDate, ToDate, ElectricityAmount, GasAmount) values (116, 241, '2020-05-11 01:14:05', '2020-06-11 01:14:05', 98.54, 340.45);
insert into BillHistory (ID, AddressID, FromDate, ToDate, ElectricityAmount, GasAmount) values (117, 53, '2020-01-19 01:25:56', '2020-06-19 01:25:56', 426.53, 461.79);
insert into BillHistory (ID, AddressID, FromDate, ToDate, ElectricityAmount, GasAmount) values (118, 102, '2023-03-21 21:26:53', '2023-09-21 21:26:53', 42.15, 275.54);
insert into BillHistory (ID, AddressID, FromDate, ToDate, ElectricityAmount, GasAmount) values (119, 88, '2021-05-06 06:56:32', '2021-10-06 06:56:32', 152.61, 494.23);
insert into BillHistory (ID, AddressID, FromDate, ToDate, ElectricityAmount, GasAmount) values (120, 162, '2023-03-27 01:02:23', '2023-08-27 01:02:23', 171.14, 86.83);
insert into BillHistory (ID, AddressID, FromDate, ToDate, ElectricityAmount, GasAmount) values (121, 118, '2023-02-24 07:27:12', '2023-04-24 07:27:12', 8.17, 258.71);
insert into BillHistory (ID, AddressID, FromDate, ToDate, ElectricityAmount, GasAmount) values (122, 107, '2022-07-01 00:59:15', '2023-01-01 00:59:15', 136.79, 209.48);
insert into BillHistory (ID, AddressID, FromDate, ToDate, ElectricityAmount, GasAmount) values (123, 205, '2020-08-03 05:51:57', '2021-02-03 05:51:57', 153.46, 80.03);
insert into BillHistory (ID, AddressID, FromDate, ToDate, ElectricityAmount, GasAmount) values (124, 216, '2023-02-02 07:25:39', '2023-05-02 07:25:39', 334.86, 482.77);
insert into BillHistory (ID, AddressID, FromDate, ToDate, ElectricityAmount, GasAmount) values (125, 59, '2021-07-19 20:43:02', '2021-11-19 20:43:02', 471.26, 306.89);
insert into BillHistory (ID, AddressID, FromDate, ToDate, ElectricityAmount, GasAmount) values (126, 180, '2022-04-29 08:00:54', '2022-07-29 08:00:54', 223.77, 429.78);
insert into BillHistory (ID, AddressID, FromDate, ToDate, ElectricityAmount, GasAmount) values (127, 216, '2023-01-13 02:08:49', '2023-02-13 02:08:49', 381.42, 391.52);
insert into BillHistory (ID, AddressID, FromDate, ToDate, ElectricityAmount, GasAmount) values (128, 87, '2022-11-22 17:27:15', '2023-03-22 17:27:15', 530.86, 266.31);
insert into BillHistory (ID, AddressID, FromDate, ToDate, ElectricityAmount, GasAmount) values (129, 224, '2020-07-29 05:13:32', '2020-12-29 05:13:32', 155.13, 444.59);
insert into BillHistory (ID, AddressID, FromDate, ToDate, ElectricityAmount, GasAmount) values (130, 2, '2020-10-05 18:43:00', '2021-01-05 18:43:00', 464.52, 436.24);
insert into BillHistory (ID, AddressID, FromDate, ToDate, ElectricityAmount, GasAmount) values (131, 232, '2020-03-22 06:29:45', '2020-09-22 06:29:45', 478.83, 107.53);
insert into BillHistory (ID, AddressID, FromDate, ToDate, ElectricityAmount, GasAmount) values (132, 233, '2022-03-11 16:32:35', '2022-06-11 16:32:35', 131.39, 265.25);
insert into BillHistory (ID, AddressID, FromDate, ToDate, ElectricityAmount, GasAmount) values (133, 21, '2022-09-18 22:12:28', '2023-03-18 22:12:28', 226.32, 465.46);
insert into BillHistory (ID, AddressID, FromDate, ToDate, ElectricityAmount, GasAmount) values (134, 239, '2020-08-21 14:01:43', '2021-02-21 14:01:43', 438.42, 305.69);
insert into BillHistory (ID, AddressID, FromDate, ToDate, ElectricityAmount, GasAmount) values (135, 200, '2023-04-12 15:48:28', '2023-07-12 15:48:28', 24.27, 65.17);
insert into BillHistory (ID, AddressID, FromDate, ToDate, ElectricityAmount, GasAmount) values (136, 82, '2022-06-28 17:10:48', '2022-08-28 17:10:48', 77.33, 331.92);
insert into BillHistory (ID, AddressID, FromDate, ToDate, ElectricityAmount, GasAmount) values (137, 219, '2022-02-26 08:06:43', '2022-08-26 08:06:43', 47.0, 369.45);
insert into BillHistory (ID, AddressID, FromDate, ToDate, ElectricityAmount, GasAmount) values (138, 58, '2021-02-02 22:07:20', '2021-08-02 22:07:20', 270.69, 459.74);
insert into BillHistory (ID, AddressID, FromDate, ToDate, ElectricityAmount, GasAmount) values (139, 14, '2021-03-26 21:29:27', '2021-04-26 21:29:27', 120.32, 324.35);
insert into BillHistory (ID, AddressID, FromDate, ToDate, ElectricityAmount, GasAmount) values (140, 19, '2020-06-14 06:02:27', '2020-09-14 06:02:27', 531.0, 505.5);
insert into BillHistory (ID, AddressID, FromDate, ToDate, ElectricityAmount, GasAmount) values (141, 132, '2021-01-20 22:32:09', '2021-06-20 22:32:09', 174.75, 334.7);
insert into BillHistory (ID, AddressID, FromDate, ToDate, ElectricityAmount, GasAmount) values (142, 219, '2020-06-01 22:15:36', '2020-09-01 22:15:36', 423.62, 303.78);
insert into BillHistory (ID, AddressID, FromDate, ToDate, ElectricityAmount, GasAmount) values (143, 133, '2022-11-29 05:23:57', '2022-12-29 05:23:57', 123.75, 107.4);
insert into BillHistory (ID, AddressID, FromDate, ToDate, ElectricityAmount, GasAmount) values (144, 210, '2022-06-14 06:55:17', '2022-10-14 06:55:17', 427.3, 422.48);
insert into BillHistory (ID, AddressID, FromDate, ToDate, ElectricityAmount, GasAmount) values (145, 238, '2020-12-19 03:46:06', '2021-02-19 03:46:06', 386.59, 415.63);
insert into BillHistory (ID, AddressID, FromDate, ToDate, ElectricityAmount, GasAmount) values (146, 142, '2022-09-10 02:23:25', '2023-02-10 02:23:25', 285.47, 323.85);
insert into BillHistory (ID, AddressID, FromDate, ToDate, ElectricityAmount, GasAmount) values (147, 19, '2020-10-14 09:23:27', '2021-02-14 09:23:27', 275.1, 311.87);
insert into BillHistory (ID, AddressID, FromDate, ToDate, ElectricityAmount, GasAmount) values (148, 214, '2021-08-25 17:29:30', '2021-11-25 17:29:30', 418.78, 274.43);
insert into BillHistory (ID, AddressID, FromDate, ToDate, ElectricityAmount, GasAmount) values (149, 217, '2022-09-12 17:26:59', '2022-12-12 17:26:59', 431.67, 484.47);
insert into BillHistory (ID, AddressID, FromDate, ToDate, ElectricityAmount, GasAmount) values (150, 23, '2023-02-27 11:06:36', '2023-07-27 11:06:36', 74.49, 475.69);
insert into BillHistory (ID, AddressID, FromDate, ToDate, ElectricityAmount, GasAmount) values (151, 88, '2023-04-08 14:26:57', '2023-06-08 14:26:57', 417.39, 528.99);
insert into BillHistory (ID, AddressID, FromDate, ToDate, ElectricityAmount, GasAmount) values (152, 73, '2022-09-26 06:11:39', '2023-03-26 06:11:39', 390.22, 86.52);
insert into BillHistory (ID, AddressID, FromDate, ToDate, ElectricityAmount, GasAmount) values (153, 164, '2020-06-23 20:08:12', '2020-10-23 20:08:12', 134.77, 350.42);
insert into BillHistory (ID, AddressID, FromDate, ToDate, ElectricityAmount, GasAmount) values (154, 160, '2022-05-30 00:16:52', '2022-11-30 00:16:52', 230.9, 393.33);
insert into BillHistory (ID, AddressID, FromDate, ToDate, ElectricityAmount, GasAmount) values (155, 129, '2021-07-23 12:49:17', '2021-11-23 12:49:17', 84.64, 393.87);
insert into BillHistory (ID, AddressID, FromDate, ToDate, ElectricityAmount, GasAmount) values (156, 209, '2022-06-16 05:47:59', '2022-09-16 05:47:59', 480.05, 391.42);
insert into BillHistory (ID, AddressID, FromDate, ToDate, ElectricityAmount, GasAmount) values (157, 160, '2022-09-15 09:17:21', '2022-10-15 09:17:21', 133.53, 358.02);
insert into BillHistory (ID, AddressID, FromDate, ToDate, ElectricityAmount, GasAmount) values (158, 23, '2021-11-05 01:05:40', '2022-03-05 01:05:40', 310.4, 340.34);
insert into BillHistory (ID, AddressID, FromDate, ToDate, ElectricityAmount, GasAmount) values (159, 29, '2023-02-11 21:01:06', '2023-05-11 21:01:06', 500.17, 456.2);
insert into BillHistory (ID, AddressID, FromDate, ToDate, ElectricityAmount, GasAmount) values (160, 50, '2020-01-11 18:51:44', '2020-02-11 18:51:44', 388.43, 432.33);
insert into BillHistory (ID, AddressID, FromDate, ToDate, ElectricityAmount, GasAmount) values (161, 220, '2022-07-18 19:06:11', '2022-08-18 19:06:11', 428.31, 415.1);
insert into BillHistory (ID, AddressID, FromDate, ToDate, ElectricityAmount, GasAmount) values (162, 19, '2022-04-23 13:31:21', '2022-08-23 13:31:21', 419.63, 344.48);
insert into BillHistory (ID, AddressID, FromDate, ToDate, ElectricityAmount, GasAmount) values (163, 11, '2022-12-28 05:44:56', '2023-03-28 05:44:56', 60.58, 475.45);
insert into BillHistory (ID, AddressID, FromDate, ToDate, ElectricityAmount, GasAmount) values (164, 134, '2021-09-21 22:51:10', '2021-12-21 22:51:10', 202.24, 271.94);
insert into BillHistory (ID, AddressID, FromDate, ToDate, ElectricityAmount, GasAmount) values (165, 152, '2022-03-07 11:04:50', '2022-06-07 11:04:50', 419.71, 383.58);
insert into BillHistory (ID, AddressID, FromDate, ToDate, ElectricityAmount, GasAmount) values (166, 35, '2022-06-04 21:31:41', '2022-10-04 21:31:41', 201.36, 110.27);
insert into BillHistory (ID, AddressID, FromDate, ToDate, ElectricityAmount, GasAmount) values (167, 159, '2021-10-17 02:57:19', '2022-04-17 02:57:19', 539.08, 473.67);
insert into BillHistory (ID, AddressID, FromDate, ToDate, ElectricityAmount, GasAmount) values (168, 127, '2023-02-12 01:53:49', '2023-07-12 01:53:49', 415.36, 137.76);
insert into BillHistory (ID, AddressID, FromDate, ToDate, ElectricityAmount, GasAmount) values (169, 237, '2022-10-24 03:50:24', '2023-04-24 03:50:24', 439.79, 498.23);
insert into BillHistory (ID, AddressID, FromDate, ToDate, ElectricityAmount, GasAmount) values (170, 51, '2021-06-18 12:40:34', '2021-11-18 12:40:34', 35.79, 161.09);
insert into BillHistory (ID, AddressID, FromDate, ToDate, ElectricityAmount, GasAmount) values (171, 99, '2021-08-17 06:27:25', '2021-12-17 06:27:25', 215.44, 190.67);
insert into BillHistory (ID, AddressID, FromDate, ToDate, ElectricityAmount, GasAmount) values (172, 178, '2020-06-12 02:56:07', '2020-09-12 02:56:07', 99.47, 460.34);
insert into BillHistory (ID, AddressID, FromDate, ToDate, ElectricityAmount, GasAmount) values (173, 186, '2023-03-12 18:19:56', '2023-09-12 18:19:56', 110.19, 462.82);
insert into BillHistory (ID, AddressID, FromDate, ToDate, ElectricityAmount, GasAmount) values (174, 109, '2020-04-11 05:38:25', '2020-05-11 05:38:25', 543.66, 170.09);
insert into BillHistory (ID, AddressID, FromDate, ToDate, ElectricityAmount, GasAmount) values (175, 77, '2022-04-12 22:15:27', '2022-07-12 22:15:27', 496.93, 389.77);
insert into BillHistory (ID, AddressID, FromDate, ToDate, ElectricityAmount, GasAmount) values (176, 73, '2020-06-16 22:33:10', '2020-12-16 22:33:10', 484.01, 499.52);
insert into BillHistory (ID, AddressID, FromDate, ToDate, ElectricityAmount, GasAmount) values (177, 245, '2023-03-24 08:56:53', '2023-04-24 08:56:53', 236.33, 32.46);
insert into BillHistory (ID, AddressID, FromDate, ToDate, ElectricityAmount, GasAmount) values (178, 191, '2022-05-13 13:40:53', '2022-09-13 13:40:53', 148.47, 461.6);
insert into BillHistory (ID, AddressID, FromDate, ToDate, ElectricityAmount, GasAmount) values (179, 104, '2021-09-02 17:47:10', '2021-12-02 17:47:10', 489.98, 145.87);
insert into BillHistory (ID, AddressID, FromDate, ToDate, ElectricityAmount, GasAmount) values (180, 239, '2020-04-09 11:54:09', '2020-07-09 11:54:09', 146.33, 4.34);
insert into BillHistory (ID, AddressID, FromDate, ToDate, ElectricityAmount, GasAmount) values (181, 228, '2021-02-09 05:35:54', '2021-08-09 05:35:54', 347.27, 17.21);
insert into BillHistory (ID, AddressID, FromDate, ToDate, ElectricityAmount, GasAmount) values (182, 250, '2022-01-10 09:02:24', '2022-06-10 09:02:24', 483.38, 361.61);
insert into BillHistory (ID, AddressID, FromDate, ToDate, ElectricityAmount, GasAmount) values (183, 81, '2023-01-16 00:48:15', '2023-06-16 00:48:15', 77.0, 454.09);
insert into BillHistory (ID, AddressID, FromDate, ToDate, ElectricityAmount, GasAmount) values (184, 199, '2021-03-29 23:28:21', '2021-08-29 23:28:21', 126.79, 457.22);
insert into BillHistory (ID, AddressID, FromDate, ToDate, ElectricityAmount, GasAmount) values (185, 244, '2021-12-07 13:51:45', '2022-01-07 13:51:45', 0.85, 64.83);
insert into BillHistory (ID, AddressID, FromDate, ToDate, ElectricityAmount, GasAmount) values (186, 77, '2020-08-13 00:55:17', '2021-02-13 00:55:17', 127.54, 411.2);
insert into BillHistory (ID, AddressID, FromDate, ToDate, ElectricityAmount, GasAmount) values (187, 173, '2022-03-24 23:16:23', '2022-07-24 23:16:23', 186.34, 235.15);
insert into BillHistory (ID, AddressID, FromDate, ToDate, ElectricityAmount, GasAmount) values (188, 48, '2020-11-20 08:44:43', '2020-12-20 08:44:43', 69.75, 193.99);
insert into BillHistory (ID, AddressID, FromDate, ToDate, ElectricityAmount, GasAmount) values (189, 180, '2020-03-31 03:16:21', '2020-09-30 03:16:21', 333.06, 452.52);
insert into BillHistory (ID, AddressID, FromDate, ToDate, ElectricityAmount, GasAmount) values (190, 70, '2021-11-25 03:03:16', '2021-12-25 03:03:16', 403.91, 189.56);
insert into BillHistory (ID, AddressID, FromDate, ToDate, ElectricityAmount, GasAmount) values (191, 227, '2020-03-07 03:58:22', '2020-08-07 03:58:22', 18.09, 70.76);
insert into BillHistory (ID, AddressID, FromDate, ToDate, ElectricityAmount, GasAmount) values (192, 113, '2022-05-21 19:15:46', '2022-08-21 19:15:46', 342.99, 86.16);
insert into BillHistory (ID, AddressID, FromDate, ToDate, ElectricityAmount, GasAmount) values (193, 177, '2020-04-24 15:50:22', '2020-05-24 15:50:22', 295.46, 204.83);
insert into BillHistory (ID, AddressID, FromDate, ToDate, ElectricityAmount, GasAmount) values (194, 11, '2020-01-04 06:25:29', '2020-02-04 06:25:29', 43.19, 308.08);
insert into BillHistory (ID, AddressID, FromDate, ToDate, ElectricityAmount, GasAmount) values (195, 6, '2023-01-12 09:48:56', '2023-04-12 09:48:56', 4.31, 225.59);
insert into BillHistory (ID, AddressID, FromDate, ToDate, ElectricityAmount, GasAmount) values (196, 6, '2020-09-11 20:39:02', '2020-10-11 20:39:02', 8.02, 331.93);
insert into BillHistory (ID, AddressID, FromDate, ToDate, ElectricityAmount, GasAmount) values (197, 197, '2020-05-05 03:36:55', '2020-07-05 03:36:55', 291.66, 461.03);
insert into BillHistory (ID, AddressID, FromDate, ToDate, ElectricityAmount, GasAmount) values (198, 105, '2021-03-23 21:14:15', '2021-08-23 21:14:15', 113.27, 389.14);
insert into BillHistory (ID, AddressID, FromDate, ToDate, ElectricityAmount, GasAmount) values (199, 122, '2021-03-02 20:50:15', '2021-07-02 20:50:15', 367.76, 388.33);
insert into BillHistory (ID, AddressID, FromDate, ToDate, ElectricityAmount, GasAmount) values (200, 68, '2020-01-08 22:21:14', '2020-04-08 22:21:14', 446.36, 272.17);
insert into BillHistory (ID, AddressID, FromDate, ToDate, ElectricityAmount, GasAmount) values (201, 36, '2021-08-16 05:52:41', '2021-10-16 05:52:41', 388.22, 269.39);
insert into BillHistory (ID, AddressID, FromDate, ToDate, ElectricityAmount, GasAmount) values (202, 11, '2022-10-09 00:24:37', '2023-02-09 00:24:37', 247.91, 140.86);
insert into BillHistory (ID, AddressID, FromDate, ToDate, ElectricityAmount, GasAmount) values (203, 41, '2021-11-24 17:42:28', '2022-02-24 17:42:28', 34.99, 349.0);
insert into BillHistory (ID, AddressID, FromDate, ToDate, ElectricityAmount, GasAmount) values (204, 184, '2020-03-05 23:17:34', '2020-04-05 23:17:34', 386.29, 243.72);
insert into BillHistory (ID, AddressID, FromDate, ToDate, ElectricityAmount, GasAmount) values (205, 3, '2022-11-02 11:24:42', '2023-03-02 11:24:42', 147.45, 337.78);
insert into BillHistory (ID, AddressID, FromDate, ToDate, ElectricityAmount, GasAmount) values (206, 103, '2022-06-10 18:32:32', '2022-07-10 18:32:32', 156.45, 521.57);
insert into BillHistory (ID, AddressID, FromDate, ToDate, ElectricityAmount, GasAmount) values (207, 223, '2021-04-23 21:58:49', '2021-10-23 21:58:49', 26.16, 372.4);
insert into BillHistory (ID, AddressID, FromDate, ToDate, ElectricityAmount, GasAmount) values (208, 177, '2021-03-08 15:10:56', '2021-04-08 15:10:56', 277.08, 56.55);
insert into BillHistory (ID, AddressID, FromDate, ToDate, ElectricityAmount, GasAmount) values (209, 24, '2020-04-05 05:05:30', '2020-10-05 05:05:30', 509.53, 270.67);
insert into BillHistory (ID, AddressID, FromDate, ToDate, ElectricityAmount, GasAmount) values (210, 209, '2021-11-29 06:52:20', '2022-04-29 06:52:20', 135.26, 101.09);
insert into BillHistory (ID, AddressID, FromDate, ToDate, ElectricityAmount, GasAmount) values (211, 211, '2022-10-22 05:44:54', '2023-01-22 05:44:54', 502.34, 193.02);
insert into BillHistory (ID, AddressID, FromDate, ToDate, ElectricityAmount, GasAmount) values (212, 180, '2021-12-04 13:49:15', '2022-04-04 13:49:15', 467.62, 346.4);
insert into BillHistory (ID, AddressID, FromDate, ToDate, ElectricityAmount, GasAmount) values (213, 190, '2021-12-16 23:19:37', '2022-04-16 23:19:37', 177.64, 319.86);
insert into BillHistory (ID, AddressID, FromDate, ToDate, ElectricityAmount, GasAmount) values (214, 203, '2023-02-22 10:19:43', '2023-08-22 10:19:43', 249.3, 419.47);
insert into BillHistory (ID, AddressID, FromDate, ToDate, ElectricityAmount, GasAmount) values (215, 237, '2022-05-24 01:39:26', '2022-10-24 01:39:26', 410.41, 518.68);
insert into BillHistory (ID, AddressID, FromDate, ToDate, ElectricityAmount, GasAmount) values (216, 229, '2022-01-24 11:42:47', '2022-06-24 11:42:47', 112.0, 135.09);
insert into BillHistory (ID, AddressID, FromDate, ToDate, ElectricityAmount, GasAmount) values (217, 158, '2022-08-06 07:18:32', '2022-11-06 07:18:32', 288.91, 108.12);
insert into BillHistory (ID, AddressID, FromDate, ToDate, ElectricityAmount, GasAmount) values (218, 115, '2021-05-09 09:32:55', '2021-10-09 09:32:55', 318.37, 133.79);
insert into BillHistory (ID, AddressID, FromDate, ToDate, ElectricityAmount, GasAmount) values (219, 56, '2021-02-13 22:20:21', '2021-07-13 22:20:21', 146.71, 541.41);
insert into BillHistory (ID, AddressID, FromDate, ToDate, ElectricityAmount, GasAmount) values (220, 83, '2022-08-24 18:45:29', '2023-01-24 18:45:29', 133.92, 61.73);
insert into BillHistory (ID, AddressID, FromDate, ToDate, ElectricityAmount, GasAmount) values (221, 37, '2021-03-05 09:28:46', '2021-09-05 09:28:46', 502.51, 330.18);
insert into BillHistory (ID, AddressID, FromDate, ToDate, ElectricityAmount, GasAmount) values (222, 169, '2020-03-17 09:01:10', '2020-04-17 09:01:10', 394.27, 483.67);
insert into BillHistory (ID, AddressID, FromDate, ToDate, ElectricityAmount, GasAmount) values (223, 156, '2020-09-14 05:16:51', '2020-12-14 05:16:51', 163.36, 271.94);
insert into BillHistory (ID, AddressID, FromDate, ToDate, ElectricityAmount, GasAmount) values (224, 246, '2020-08-30 19:40:50', '2021-02-28 19:40:50', 316.97, 267.92);
insert into BillHistory (ID, AddressID, FromDate, ToDate, ElectricityAmount, GasAmount) values (225, 144, '2020-04-23 08:17:35', '2020-09-23 08:17:35', 340.09, 160.55);
insert into BillHistory (ID, AddressID, FromDate, ToDate, ElectricityAmount, GasAmount) values (226, 94, '2022-06-18 07:58:16', '2022-12-18 07:58:16', 344.81, 56.24);
insert into BillHistory (ID, AddressID, FromDate, ToDate, ElectricityAmount, GasAmount) values (227, 172, '2023-03-08 11:51:44', '2023-08-08 11:51:44', 539.91, 26.01);
insert into BillHistory (ID, AddressID, FromDate, ToDate, ElectricityAmount, GasAmount) values (228, 94, '2022-09-13 18:46:31', '2022-11-13 18:46:31', 358.59, 159.47);
insert into BillHistory (ID, AddressID, FromDate, ToDate, ElectricityAmount, GasAmount) values (229, 78, '2021-08-13 22:18:33', '2022-02-13 22:18:33', 349.78, 461.96);
insert into BillHistory (ID, AddressID, FromDate, ToDate, ElectricityAmount, GasAmount) values (230, 199, '2022-02-25 20:33:58', '2022-03-25 20:33:58', 547.67, 165.47);
insert into BillHistory (ID, AddressID, FromDate, ToDate, ElectricityAmount, GasAmount) values (231, 171, '2022-11-09 02:03:18', '2023-02-09 02:03:18', 405.9, 231.17);
insert into BillHistory (ID, AddressID, FromDate, ToDate, ElectricityAmount, GasAmount) values (232, 109, '2023-02-24 11:36:18', '2023-04-24 11:36:18', 139.34, 503.21);
insert into BillHistory (ID, AddressID, FromDate, ToDate, ElectricityAmount, GasAmount) values (233, 84, '2020-05-06 21:28:40', '2020-07-06 21:28:40', 292.37, 318.58);
insert into BillHistory (ID, AddressID, FromDate, ToDate, ElectricityAmount, GasAmount) values (234, 39, '2020-01-14 20:21:32', '2020-05-14 20:21:32', 152.94, 35.9);
insert into BillHistory (ID, AddressID, FromDate, ToDate, ElectricityAmount, GasAmount) values (235, 241, '2022-09-11 19:29:56', '2022-11-11 19:29:56', 327.91, 366.04);
insert into BillHistory (ID, AddressID, FromDate, ToDate, ElectricityAmount, GasAmount) values (236, 226, '2020-04-04 06:00:36', '2020-07-04 06:00:36', 477.56, 197.06);
insert into BillHistory (ID, AddressID, FromDate, ToDate, ElectricityAmount, GasAmount) values (237, 164, '2022-03-12 07:34:52', '2022-08-12 07:34:52', 275.44, 229.95);
insert into BillHistory (ID, AddressID, FromDate, ToDate, ElectricityAmount, GasAmount) values (238, 54, '2021-05-20 00:57:38', '2021-11-20 00:57:38', 40.45, 338.13);
insert into BillHistory (ID, AddressID, FromDate, ToDate, ElectricityAmount, GasAmount) values (239, 13, '2021-01-09 18:21:06', '2021-04-09 18:21:06', 224.97, 11.88);
insert into BillHistory (ID, AddressID, FromDate, ToDate, ElectricityAmount, GasAmount) values (240, 122, '2022-06-21 10:27:09', '2022-08-21 10:27:09', 277.24, 523.17);
insert into BillHistory (ID, AddressID, FromDate, ToDate, ElectricityAmount, GasAmount) values (241, 146, '2020-02-08 10:31:23', '2020-03-08 10:31:23', 136.53, 473.59);
insert into BillHistory (ID, AddressID, FromDate, ToDate, ElectricityAmount, GasAmount) values (242, 181, '2021-10-05 02:17:59', '2022-04-05 02:17:59', 442.98, 7.47);
insert into BillHistory (ID, AddressID, FromDate, ToDate, ElectricityAmount, GasAmount) values (243, 219, '2020-04-01 20:06:10', '2020-08-01 20:06:10', 189.06, 92.9);
insert into BillHistory (ID, AddressID, FromDate, ToDate, ElectricityAmount, GasAmount) values (244, 231, '2020-06-23 07:20:58', '2020-10-23 07:20:58', 422.96, 359.71);
insert into BillHistory (ID, AddressID, FromDate, ToDate, ElectricityAmount, GasAmount) values (245, 129, '2020-12-28 10:59:29', '2021-03-28 10:59:29', 176.86, 205.37);
insert into BillHistory (ID, AddressID, FromDate, ToDate, ElectricityAmount, GasAmount) values (246, 134, '2023-02-16 18:14:07', '2023-06-16 18:14:07', 341.41, 238.31);
insert into BillHistory (ID, AddressID, FromDate, ToDate, ElectricityAmount, GasAmount) values (247, 247, '2021-08-19 10:22:53', '2021-12-19 10:22:53', 465.37, 174.3);
insert into BillHistory (ID, AddressID, FromDate, ToDate, ElectricityAmount, GasAmount) values (248, 87, '2020-09-02 05:47:34', '2021-02-02 05:47:34', 535.01, 287.73);
insert into BillHistory (ID, AddressID, FromDate, ToDate, ElectricityAmount, GasAmount) values (249, 217, '2020-05-30 22:57:05', '2020-09-30 22:57:05', 214.31, 378.76);
insert into BillHistory (ID, AddressID, FromDate, ToDate, ElectricityAmount, GasAmount) values (250, 242, '2020-01-25 00:50:09', '2020-04-25 00:50:09', 439.72, 85.15);


INSERT INTO BankAccountTypes VALUES (1, 'Checking');
INSERT INTO BankAccountTypes VALUES (2, 'Savings');

INSERT INTO PaymentMethods 
VALUES (1, 'Credit Card');

INSERT INTO PaymentMethods 
VALUES (2, 'Debit Card');

INSERT INTO PaymentMethods
VALUES (3, 'Bank Account');




insert into BillPaymentPreferences (ID, UserID, PaymentMethodPreferred, CardNumber, CardExpiry, CardCVV, BankAccNo, BankAccUserName, BankAccRoutingNo, BankAccTypeID) values (1, 174, 2, 4403308, '2025-08-24 09:55:19', 971, 8102782, 'awinks0', 87567377, 1);
insert into BillPaymentPreferences (ID, UserID, PaymentMethodPreferred, CardNumber, CardExpiry, CardCVV, BankAccNo, BankAccUserName, BankAccRoutingNo, BankAccTypeID) values (2, 232, 3, 4920037, '2025-11-16 17:27:02', 681, 7841840, 'clangham1', 18219908, 2);
insert into BillPaymentPreferences (ID, UserID, PaymentMethodPreferred, CardNumber, CardExpiry, CardCVV, BankAccNo, BankAccUserName, BankAccRoutingNo, BankAccTypeID) values (3, 81, 3, 2214291, '2024-11-21 14:16:23', 313, 5976958, 'smerle2', 80436003, 1);
insert into BillPaymentPreferences (ID, UserID, PaymentMethodPreferred, CardNumber, CardExpiry, CardCVV, BankAccNo, BankAccUserName, BankAccRoutingNo, BankAccTypeID) values (4, 222, 1, 5798839, '2026-12-18 10:35:42', 637, 9165833, 'bkirimaa3', 46623745, 2);
insert into BillPaymentPreferences (ID, UserID, PaymentMethodPreferred, CardNumber, CardExpiry, CardCVV, BankAccNo, BankAccUserName, BankAccRoutingNo, BankAccTypeID) values (5, 30, 2, 1762230, '2025-11-29 04:53:53', 298, 8362437, 'elivingston4', 87067549, 2);
insert into BillPaymentPreferences (ID, UserID, PaymentMethodPreferred, CardNumber, CardExpiry, CardCVV, BankAccNo, BankAccUserName, BankAccRoutingNo, BankAccTypeID) values (6, 46, 1, 8580054, '2027-09-06 07:45:38', 873, 9940889, 'jbellis5', 72574323, 2);
insert into BillPaymentPreferences (ID, UserID, PaymentMethodPreferred, CardNumber, CardExpiry, CardCVV, BankAccNo, BankAccUserName, BankAccRoutingNo, BankAccTypeID) values (7, 126, 2, 8565827, '2026-08-22 00:30:49', 115, 9596594, 'mkloser6', 41511494, 1);
insert into BillPaymentPreferences (ID, UserID, PaymentMethodPreferred, CardNumber, CardExpiry, CardCVV, BankAccNo, BankAccUserName, BankAccRoutingNo, BankAccTypeID) values (8, 204, 3, 6372156, '2024-08-24 11:47:46', 829, 7080485, 'mmcgettrick7', 83409259, 2);
insert into BillPaymentPreferences (ID, UserID, PaymentMethodPreferred, CardNumber, CardExpiry, CardCVV, BankAccNo, BankAccUserName, BankAccRoutingNo, BankAccTypeID) values (9, 24, 2, 9863585, '2023-07-04 05:06:20', 650, 8303634, 'efanner8', 33439041, 2);
insert into BillPaymentPreferences (ID, UserID, PaymentMethodPreferred, CardNumber, CardExpiry, CardCVV, BankAccNo, BankAccUserName, BankAccRoutingNo, BankAccTypeID) values (10, 32, 1, 3467798, '2027-12-14 23:27:51', 696, 5979077, 'ddarnborough9', 51443685, 1);
insert into BillPaymentPreferences (ID, UserID, PaymentMethodPreferred, CardNumber, CardExpiry, CardCVV, BankAccNo, BankAccUserName, BankAccRoutingNo, BankAccTypeID) values (11, 155, 1, 7694940, '2027-03-13 19:25:44', 186, 9800691, 'asylvestera', 43033625, 1);
insert into BillPaymentPreferences (ID, UserID, PaymentMethodPreferred, CardNumber, CardExpiry, CardCVV, BankAccNo, BankAccUserName, BankAccRoutingNo, BankAccTypeID) values (12, 99, 3, 3193284, '2026-07-29 22:02:06', 423, 7168439, 'dfyfeb', 19912670, 1);
insert into BillPaymentPreferences (ID, UserID, PaymentMethodPreferred, CardNumber, CardExpiry, CardCVV, BankAccNo, BankAccUserName, BankAccRoutingNo, BankAccTypeID) values (13, 200, 1, 3275343, '2025-06-26 21:12:58', 234, 7293496, 'emayheadc', 54192817, 1);
insert into BillPaymentPreferences (ID, UserID, PaymentMethodPreferred, CardNumber, CardExpiry, CardCVV, BankAccNo, BankAccUserName, BankAccRoutingNo, BankAccTypeID) values (14, 82, 3, 1835940, '2025-03-15 07:57:50', 281, 7651672, 'mantonazzid', 69311680, 2);
insert into BillPaymentPreferences (ID, UserID, PaymentMethodPreferred, CardNumber, CardExpiry, CardCVV, BankAccNo, BankAccUserName, BankAccRoutingNo, BankAccTypeID) values (15, 77, 1, 6369146, '2024-06-26 07:58:59', 479, 8889168, 'bsumsione', 63936303, 2);
insert into BillPaymentPreferences (ID, UserID, PaymentMethodPreferred, CardNumber, CardExpiry, CardCVV, BankAccNo, BankAccUserName, BankAccRoutingNo, BankAccTypeID) values (16, 88, 3, 3623215, '2027-03-23 04:09:48', 708, 6242404, 'aforteyf', 88424593, 1);
insert into BillPaymentPreferences (ID, UserID, PaymentMethodPreferred, CardNumber, CardExpiry, CardCVV, BankAccNo, BankAccUserName, BankAccRoutingNo, BankAccTypeID) values (17, 74, 1, 1903415, '2027-02-01 23:44:19', 971, 7627370, 'lsterzakerg', 85399122, 2);
insert into BillPaymentPreferences (ID, UserID, PaymentMethodPreferred, CardNumber, CardExpiry, CardCVV, BankAccNo, BankAccUserName, BankAccRoutingNo, BankAccTypeID) values (18, 245, 2, 4024320, '2026-02-12 17:32:05', 447, 9915261, 'ahalfpennyh', 65152066, 2);
insert into BillPaymentPreferences (ID, UserID, PaymentMethodPreferred, CardNumber, CardExpiry, CardCVV, BankAccNo, BankAccUserName, BankAccRoutingNo, BankAccTypeID) values (19, 246, 3, 6951605, '2026-07-26 09:24:41', 497, 7342536, 'manfussoi', 79554047, 2);
insert into BillPaymentPreferences (ID, UserID, PaymentMethodPreferred, CardNumber, CardExpiry, CardCVV, BankAccNo, BankAccUserName, BankAccRoutingNo, BankAccTypeID) values (20, 80, 1, 3008881, '2023-09-13 16:25:30', 522, 6900763, 'dkaaskooperj', 59287040, 1);
insert into BillPaymentPreferences (ID, UserID, PaymentMethodPreferred, CardNumber, CardExpiry, CardCVV, BankAccNo, BankAccUserName, BankAccRoutingNo, BankAccTypeID) values (21, 61, 3, 3726106, '2026-03-01 03:51:33', 861, 5743700, 'vcurleyk', 38953648, 2);
insert into BillPaymentPreferences (ID, UserID, PaymentMethodPreferred, CardNumber, CardExpiry, CardCVV, BankAccNo, BankAccUserName, BankAccRoutingNo, BankAccTypeID) values (22, 22, 2, 8518216, '2026-09-09 07:54:45', 186, 8798283, 'bpaskerfull', 27286514, 1);
insert into BillPaymentPreferences (ID, UserID, PaymentMethodPreferred, CardNumber, CardExpiry, CardCVV, BankAccNo, BankAccUserName, BankAccRoutingNo, BankAccTypeID) values (23, 42, 3, 9387250, '2027-01-12 00:03:00', 293, 6095012, 'mgenneym', 44935498, 2);
insert into BillPaymentPreferences (ID, UserID, PaymentMethodPreferred, CardNumber, CardExpiry, CardCVV, BankAccNo, BankAccUserName, BankAccRoutingNo, BankAccTypeID) values (24, 202, 1, 8015585, '2026-06-09 02:40:19', 921, 5882642, 'bcrichtonn', 93365407, 1);
insert into BillPaymentPreferences (ID, UserID, PaymentMethodPreferred, CardNumber, CardExpiry, CardCVV, BankAccNo, BankAccUserName, BankAccRoutingNo, BankAccTypeID) values (25, 146, 1, 8580117, '2024-02-18 20:51:44', 329, 7302728, 'spohlo', 15992346, 1);
insert into BillPaymentPreferences (ID, UserID, PaymentMethodPreferred, CardNumber, CardExpiry, CardCVV, BankAccNo, BankAccUserName, BankAccRoutingNo, BankAccTypeID) values (26, 27, 3, 3784831, '2027-02-05 18:17:22', 721, 6261208, 'ahowsinp', 34106151, 1);
insert into BillPaymentPreferences (ID, UserID, PaymentMethodPreferred, CardNumber, CardExpiry, CardCVV, BankAccNo, BankAccUserName, BankAccRoutingNo, BankAccTypeID) values (27, 18, 3, 1302346, '2024-12-27 21:55:37', 721, 5559199, 'alunneyq', 52770724, 1);
insert into BillPaymentPreferences (ID, UserID, PaymentMethodPreferred, CardNumber, CardExpiry, CardCVV, BankAccNo, BankAccUserName, BankAccRoutingNo, BankAccTypeID) values (28, 119, 1, 8280816, '2026-03-30 17:56:04', 153, 9606116, 'gpottenr', 81521621, 2);
insert into BillPaymentPreferences (ID, UserID, PaymentMethodPreferred, CardNumber, CardExpiry, CardCVV, BankAccNo, BankAccUserName, BankAccRoutingNo, BankAccTypeID) values (29, 6, 1, 3477102, '2027-12-08 01:42:01', 928, 9223912, 'hletertres', 14808417, 2);
insert into BillPaymentPreferences (ID, UserID, PaymentMethodPreferred, CardNumber, CardExpiry, CardCVV, BankAccNo, BankAccUserName, BankAccRoutingNo, BankAccTypeID) values (30, 217, 3, 8577291, '2024-02-13 01:21:18', 527, 8946486, 'fmarkelt', 38819228, 2);
insert into BillPaymentPreferences (ID, UserID, PaymentMethodPreferred, CardNumber, CardExpiry, CardCVV, BankAccNo, BankAccUserName, BankAccRoutingNo, BankAccTypeID) values (31, 153, 1, 2143213, '2025-12-26 14:57:57', 347, 9235834, 'tportressu', 66738934, 1);
insert into BillPaymentPreferences (ID, UserID, PaymentMethodPreferred, CardNumber, CardExpiry, CardCVV, BankAccNo, BankAccUserName, BankAccRoutingNo, BankAccTypeID) values (32, 93, 3, 8067565, '2023-09-26 20:42:52', 480, 6605090, 'cpithiev', 82247265, 1);
insert into BillPaymentPreferences (ID, UserID, PaymentMethodPreferred, CardNumber, CardExpiry, CardCVV, BankAccNo, BankAccUserName, BankAccRoutingNo, BankAccTypeID) values (33, 49, 2, 1328960, '2024-10-05 05:39:07', 771, 6484554, 'tyakuntsovw', 87886616, 2);
insert into BillPaymentPreferences (ID, UserID, PaymentMethodPreferred, CardNumber, CardExpiry, CardCVV, BankAccNo, BankAccUserName, BankAccRoutingNo, BankAccTypeID) values (34, 76, 2, 5825555, '2027-04-23 04:24:09', 505, 8411549, 'edainesx', 79540406, 2);
insert into BillPaymentPreferences (ID, UserID, PaymentMethodPreferred, CardNumber, CardExpiry, CardCVV, BankAccNo, BankAccUserName, BankAccRoutingNo, BankAccTypeID) values (35, 104, 3, 2014586, '2026-11-29 18:57:42', 723, 6102766, 'dskittley', 96985980, 2);
insert into BillPaymentPreferences (ID, UserID, PaymentMethodPreferred, CardNumber, CardExpiry, CardCVV, BankAccNo, BankAccUserName, BankAccRoutingNo, BankAccTypeID) values (36, 146, 1, 5830328, '2027-12-05 22:06:25', 186, 7910118, 'ngostlingz', 91000240, 2);
insert into BillPaymentPreferences (ID, UserID, PaymentMethodPreferred, CardNumber, CardExpiry, CardCVV, BankAccNo, BankAccUserName, BankAccRoutingNo, BankAccTypeID) values (37, 38, 3, 6639432, '2025-05-31 04:07:17', 928, 7188067, 'agalletley10', 87800776, 1);
insert into BillPaymentPreferences (ID, UserID, PaymentMethodPreferred, CardNumber, CardExpiry, CardCVV, BankAccNo, BankAccUserName, BankAccRoutingNo, BankAccTypeID) values (38, 164, 2, 1743913, '2026-09-27 09:21:37', 791, 9648547, 'nbarles11', 48154041, 2);
insert into BillPaymentPreferences (ID, UserID, PaymentMethodPreferred, CardNumber, CardExpiry, CardCVV, BankAccNo, BankAccUserName, BankAccRoutingNo, BankAccTypeID) values (39, 12, 1, 3432927, '2024-09-04 20:30:08', 317, 9247779, 'cwardley12', 79689798, 2);
insert into BillPaymentPreferences (ID, UserID, PaymentMethodPreferred, CardNumber, CardExpiry, CardCVV, BankAccNo, BankAccUserName, BankAccRoutingNo, BankAccTypeID) values (40, 125, 3, 1946637, '2027-08-07 06:34:06', 386, 6579551, 'sgoad13', 32226410, 1);
insert into BillPaymentPreferences (ID, UserID, PaymentMethodPreferred, CardNumber, CardExpiry, CardCVV, BankAccNo, BankAccUserName, BankAccRoutingNo, BankAccTypeID) values (41, 59, 1, 2829350, '2027-02-19 01:01:48', 730, 9979147, 'lheighton14', 87243309, 1);
insert into BillPaymentPreferences (ID, UserID, PaymentMethodPreferred, CardNumber, CardExpiry, CardCVV, BankAccNo, BankAccUserName, BankAccRoutingNo, BankAccTypeID) values (42, 190, 1, 1494816, '2027-10-15 20:29:09', 280, 9189266, 'bpellamonuten15', 38043479, 2);
insert into BillPaymentPreferences (ID, UserID, PaymentMethodPreferred, CardNumber, CardExpiry, CardCVV, BankAccNo, BankAccUserName, BankAccRoutingNo, BankAccTypeID) values (43, 68, 2, 5348062, '2026-10-31 11:37:59', 702, 6587500, 'cfarnfield16', 12393587, 2);
insert into BillPaymentPreferences (ID, UserID, PaymentMethodPreferred, CardNumber, CardExpiry, CardCVV, BankAccNo, BankAccUserName, BankAccRoutingNo, BankAccTypeID) values (44, 172, 1, 8440843, '2027-04-20 20:39:34', 441, 7935487, 'wyeude17', 44742148, 2);
insert into BillPaymentPreferences (ID, UserID, PaymentMethodPreferred, CardNumber, CardExpiry, CardCVV, BankAccNo, BankAccUserName, BankAccRoutingNo, BankAccTypeID) values (45, 55, 2, 4433111, '2024-05-23 06:16:23', 614, 5775015, 'jeasseby18', 75890833, 2);
insert into BillPaymentPreferences (ID, UserID, PaymentMethodPreferred, CardNumber, CardExpiry, CardCVV, BankAccNo, BankAccUserName, BankAccRoutingNo, BankAccTypeID) values (46, 5, 3, 2471344, '2026-07-04 21:45:44', 338, 6692303, 'flassells19', 62582872, 2);
insert into BillPaymentPreferences (ID, UserID, PaymentMethodPreferred, CardNumber, CardExpiry, CardCVV, BankAccNo, BankAccUserName, BankAccRoutingNo, BankAccTypeID) values (47, 162, 2, 4379339, '2025-04-01 20:43:16', 200, 6986641, 'cshippam1a', 37359435, 1);
insert into BillPaymentPreferences (ID, UserID, PaymentMethodPreferred, CardNumber, CardExpiry, CardCVV, BankAccNo, BankAccUserName, BankAccRoutingNo, BankAccTypeID) values (48, 50, 3, 3649181, '2024-09-13 20:33:27', 613, 7727374, 'lshemmans1b', 88813733, 1);
insert into BillPaymentPreferences (ID, UserID, PaymentMethodPreferred, CardNumber, CardExpiry, CardCVV, BankAccNo, BankAccUserName, BankAccRoutingNo, BankAccTypeID) values (49, 222, 1, 3730336, '2026-04-08 23:10:15', 729, 6026775, 'gwooffinden1c', 69600002, 1);
insert into BillPaymentPreferences (ID, UserID, PaymentMethodPreferred, CardNumber, CardExpiry, CardCVV, BankAccNo, BankAccUserName, BankAccRoutingNo, BankAccTypeID) values (50, 125, 2, 2115943, '2023-05-27 20:49:10', 625, 5659723, 'hbhatia1d', 92759847, 1);
insert into BillPaymentPreferences (ID, UserID, PaymentMethodPreferred, CardNumber, CardExpiry, CardCVV, BankAccNo, BankAccUserName, BankAccRoutingNo, BankAccTypeID) values (51, 158, 2, 2467040, '2024-10-18 22:06:44', 793, 9734562, 'folfert1e', 35470372, 2);
insert into BillPaymentPreferences (ID, UserID, PaymentMethodPreferred, CardNumber, CardExpiry, CardCVV, BankAccNo, BankAccUserName, BankAccRoutingNo, BankAccTypeID) values (52, 50, 3, 4380479, '2025-02-19 16:45:16', 594, 7686470, 'hfeye1f', 69524127, 2);
insert into BillPaymentPreferences (ID, UserID, PaymentMethodPreferred, CardNumber, CardExpiry, CardCVV, BankAccNo, BankAccUserName, BankAccRoutingNo, BankAccTypeID) values (53, 57, 1, 1443321, '2027-07-14 15:04:30', 208, 8337962, 'lhagley1g', 44817460, 1);
insert into BillPaymentPreferences (ID, UserID, PaymentMethodPreferred, CardNumber, CardExpiry, CardCVV, BankAccNo, BankAccUserName, BankAccRoutingNo, BankAccTypeID) values (54, 117, 1, 5372368, '2027-10-02 00:27:16', 745, 8220095, 'hhuncoot1h', 66169591, 1);
insert into BillPaymentPreferences (ID, UserID, PaymentMethodPreferred, CardNumber, CardExpiry, CardCVV, BankAccNo, BankAccUserName, BankAccRoutingNo, BankAccTypeID) values (55, 198, 1, 1943290, '2023-12-22 13:15:00', 853, 8447221, 'hglanders1i', 79798129, 2);
insert into BillPaymentPreferences (ID, UserID, PaymentMethodPreferred, CardNumber, CardExpiry, CardCVV, BankAccNo, BankAccUserName, BankAccRoutingNo, BankAccTypeID) values (56, 70, 1, 5766135, '2025-05-08 20:01:04', 973, 5729922, 'jweadick1j', 15594014, 2);
insert into BillPaymentPreferences (ID, UserID, PaymentMethodPreferred, CardNumber, CardExpiry, CardCVV, BankAccNo, BankAccUserName, BankAccRoutingNo, BankAccTypeID) values (57, 237, 1, 3414450, '2025-01-28 14:50:30', 716, 6615620, 'adunbobbin1k', 13301707, 2);
insert into BillPaymentPreferences (ID, UserID, PaymentMethodPreferred, CardNumber, CardExpiry, CardCVV, BankAccNo, BankAccUserName, BankAccRoutingNo, BankAccTypeID) values (58, 34, 1, 7558016, '2026-04-01 21:21:24', 411, 6831494, 'sattenbarrow1l', 48791244, 2);
insert into BillPaymentPreferences (ID, UserID, PaymentMethodPreferred, CardNumber, CardExpiry, CardCVV, BankAccNo, BankAccUserName, BankAccRoutingNo, BankAccTypeID) values (59, 30, 2, 7533634, '2024-08-12 13:27:15', 917, 7269203, 'mwillbourne1m', 39071706, 2);
insert into BillPaymentPreferences (ID, UserID, PaymentMethodPreferred, CardNumber, CardExpiry, CardCVV, BankAccNo, BankAccUserName, BankAccRoutingNo, BankAccTypeID) values (60, 21, 3, 9570983, '2026-11-05 05:44:14', 299, 8793784, 'emcghie1n', 33561988, 2);
insert into BillPaymentPreferences (ID, UserID, PaymentMethodPreferred, CardNumber, CardExpiry, CardCVV, BankAccNo, BankAccUserName, BankAccRoutingNo, BankAccTypeID) values (61, 246, 1, 5474247, '2023-11-07 08:23:23', 702, 7249153, 'ssnozzwell1o', 56099337, 2);
insert into BillPaymentPreferences (ID, UserID, PaymentMethodPreferred, CardNumber, CardExpiry, CardCVV, BankAccNo, BankAccUserName, BankAccRoutingNo, BankAccTypeID) values (62, 188, 3, 4407155, '2025-10-15 05:27:41', 971, 8740642, 'lfiltness1p', 87909978, 2);
insert into BillPaymentPreferences (ID, UserID, PaymentMethodPreferred, CardNumber, CardExpiry, CardCVV, BankAccNo, BankAccUserName, BankAccRoutingNo, BankAccTypeID) values (63, 207, 3, 8722938, '2027-09-02 10:32:04', 655, 5904378, 'dmostyn1q', 54774626, 2);
insert into BillPaymentPreferences (ID, UserID, PaymentMethodPreferred, CardNumber, CardExpiry, CardCVV, BankAccNo, BankAccUserName, BankAccRoutingNo, BankAccTypeID) values (64, 4, 2, 3292415, '2026-04-03 05:24:26', 509, 7084679, 'aglozman1r', 29525107, 2);
insert into BillPaymentPreferences (ID, UserID, PaymentMethodPreferred, CardNumber, CardExpiry, CardCVV, BankAccNo, BankAccUserName, BankAccRoutingNo, BankAccTypeID) values (65, 159, 3, 2324828, '2024-08-01 04:41:53', 293, 9828266, 'ccornelisse1s', 77705461, 1);
insert into BillPaymentPreferences (ID, UserID, PaymentMethodPreferred, CardNumber, CardExpiry, CardCVV, BankAccNo, BankAccUserName, BankAccRoutingNo, BankAccTypeID) values (66, 166, 3, 7865653, '2025-09-30 20:48:58', 131, 6741368, 'yhubball1t', 15209246, 2);
insert into BillPaymentPreferences (ID, UserID, PaymentMethodPreferred, CardNumber, CardExpiry, CardCVV, BankAccNo, BankAccUserName, BankAccRoutingNo, BankAccTypeID) values (67, 97, 1, 5773625, '2023-05-01 00:48:21', 533, 5705827, 'fceillier1u', 94727041, 1);
insert into BillPaymentPreferences (ID, UserID, PaymentMethodPreferred, CardNumber, CardExpiry, CardCVV, BankAccNo, BankAccUserName, BankAccRoutingNo, BankAccTypeID) values (68, 250, 1, 1894939, '2023-06-20 22:18:54', 122, 7114293, 'dmelley1v', 73814102, 1);
insert into BillPaymentPreferences (ID, UserID, PaymentMethodPreferred, CardNumber, CardExpiry, CardCVV, BankAccNo, BankAccUserName, BankAccRoutingNo, BankAccTypeID) values (69, 76, 1, 5594880, '2025-02-12 00:08:21', 717, 8216133, 'cducker1w', 82176620, 2);
insert into BillPaymentPreferences (ID, UserID, PaymentMethodPreferred, CardNumber, CardExpiry, CardCVV, BankAccNo, BankAccUserName, BankAccRoutingNo, BankAccTypeID) values (70, 208, 1, 8296172, '2027-07-11 18:30:48', 615, 8305812, 'bnewburn1x', 96959028, 1);
insert into BillPaymentPreferences (ID, UserID, PaymentMethodPreferred, CardNumber, CardExpiry, CardCVV, BankAccNo, BankAccUserName, BankAccRoutingNo, BankAccTypeID) values (71, 90, 1, 6809730, '2024-12-28 01:38:37', 803, 7284619, 'arustedge1y', 19840830, 1);
insert into BillPaymentPreferences (ID, UserID, PaymentMethodPreferred, CardNumber, CardExpiry, CardCVV, BankAccNo, BankAccUserName, BankAccRoutingNo, BankAccTypeID) values (72, 127, 3, 7076409, '2025-06-03 06:15:58', 333, 7665212, 'smoorcroft1z', 94172885, 1);
insert into BillPaymentPreferences (ID, UserID, PaymentMethodPreferred, CardNumber, CardExpiry, CardCVV, BankAccNo, BankAccUserName, BankAccRoutingNo, BankAccTypeID) values (73, 245, 3, 4244330, '2026-03-03 14:18:18', 278, 9923831, 'egirardet20', 43311125, 2);
insert into BillPaymentPreferences (ID, UserID, PaymentMethodPreferred, CardNumber, CardExpiry, CardCVV, BankAccNo, BankAccUserName, BankAccRoutingNo, BankAccTypeID) values (74, 55, 1, 8505778, '2026-01-16 22:14:17', 245, 8687363, 'rdancy21', 19210863, 2);
insert into BillPaymentPreferences (ID, UserID, PaymentMethodPreferred, CardNumber, CardExpiry, CardCVV, BankAccNo, BankAccUserName, BankAccRoutingNo, BankAccTypeID) values (75, 149, 1, 8758324, '2024-07-22 12:02:07', 136, 8089849, 'bswanborough22', 17473482, 2);
insert into BillPaymentPreferences (ID, UserID, PaymentMethodPreferred, CardNumber, CardExpiry, CardCVV, BankAccNo, BankAccUserName, BankAccRoutingNo, BankAccTypeID) values (76, 219, 2, 9777868, '2026-07-03 09:31:54', 540, 7456454, 'dcrisell23', 13674705, 1);
insert into BillPaymentPreferences (ID, UserID, PaymentMethodPreferred, CardNumber, CardExpiry, CardCVV, BankAccNo, BankAccUserName, BankAccRoutingNo, BankAccTypeID) values (77, 62, 2, 7402046, '2027-03-01 15:37:14', 579, 5916357, 'akiss24', 60876183, 1);
insert into BillPaymentPreferences (ID, UserID, PaymentMethodPreferred, CardNumber, CardExpiry, CardCVV, BankAccNo, BankAccUserName, BankAccRoutingNo, BankAccTypeID) values (78, 114, 2, 7847899, '2023-07-09 04:15:21', 532, 7425272, 'maxelbee25', 51703082, 1);
insert into BillPaymentPreferences (ID, UserID, PaymentMethodPreferred, CardNumber, CardExpiry, CardCVV, BankAccNo, BankAccUserName, BankAccRoutingNo, BankAccTypeID) values (79, 225, 3, 8365491, '2024-02-07 05:01:46', 106, 9979925, 'kclampe26', 27258459, 2);
insert into BillPaymentPreferences (ID, UserID, PaymentMethodPreferred, CardNumber, CardExpiry, CardCVV, BankAccNo, BankAccUserName, BankAccRoutingNo, BankAccTypeID) values (80, 205, 1, 8306993, '2027-09-25 13:10:33', 896, 6831845, 'icolombier27', 15965328, 2);
insert into BillPaymentPreferences (ID, UserID, PaymentMethodPreferred, CardNumber, CardExpiry, CardCVV, BankAccNo, BankAccUserName, BankAccRoutingNo, BankAccTypeID) values (81, 213, 3, 5842957, '2023-05-13 15:17:10', 413, 8069973, 'kthurlow28', 73785080, 2);
insert into BillPaymentPreferences (ID, UserID, PaymentMethodPreferred, CardNumber, CardExpiry, CardCVV, BankAccNo, BankAccUserName, BankAccRoutingNo, BankAccTypeID) values (82, 38, 3, 2862845, '2023-12-08 15:03:09', 196, 9493391, 'adunbobin29', 18042349, 1);
insert into BillPaymentPreferences (ID, UserID, PaymentMethodPreferred, CardNumber, CardExpiry, CardCVV, BankAccNo, BankAccUserName, BankAccRoutingNo, BankAccTypeID) values (83, 68, 1, 3148546, '2026-04-26 19:38:10', 590, 8546910, 'rmcaw2a', 50449421, 2);
insert into BillPaymentPreferences (ID, UserID, PaymentMethodPreferred, CardNumber, CardExpiry, CardCVV, BankAccNo, BankAccUserName, BankAccRoutingNo, BankAccTypeID) values (84, 239, 3, 1846792, '2025-02-02 10:56:23', 482, 9480102, 'lsammon2b', 46590891, 1);
insert into BillPaymentPreferences (ID, UserID, PaymentMethodPreferred, CardNumber, CardExpiry, CardCVV, BankAccNo, BankAccUserName, BankAccRoutingNo, BankAccTypeID) values (85, 199, 1, 9465427, '2024-03-16 05:06:31', 203, 6620705, 'djohl2c', 93071839, 2);
insert into BillPaymentPreferences (ID, UserID, PaymentMethodPreferred, CardNumber, CardExpiry, CardCVV, BankAccNo, BankAccUserName, BankAccRoutingNo, BankAccTypeID) values (86, 159, 3, 9095200, '2026-04-08 11:03:08', 436, 9369632, 'hchagg2d', 35153707, 1);
insert into BillPaymentPreferences (ID, UserID, PaymentMethodPreferred, CardNumber, CardExpiry, CardCVV, BankAccNo, BankAccUserName, BankAccRoutingNo, BankAccTypeID) values (87, 229, 3, 6801605, '2026-12-26 21:18:23', 677, 8108093, 'dstollenbecker2e', 77651876, 2);
insert into BillPaymentPreferences (ID, UserID, PaymentMethodPreferred, CardNumber, CardExpiry, CardCVV, BankAccNo, BankAccUserName, BankAccRoutingNo, BankAccTypeID) values (88, 246, 3, 2147621, '2023-10-11 10:43:03', 344, 8790825, 'ssarge2f', 61618148, 2);
insert into BillPaymentPreferences (ID, UserID, PaymentMethodPreferred, CardNumber, CardExpiry, CardCVV, BankAccNo, BankAccUserName, BankAccRoutingNo, BankAccTypeID) values (89, 30, 3, 4582528, '2025-09-30 11:39:12', 403, 6580978, 'wpalliser2g', 81943698, 1);
insert into BillPaymentPreferences (ID, UserID, PaymentMethodPreferred, CardNumber, CardExpiry, CardCVV, BankAccNo, BankAccUserName, BankAccRoutingNo, BankAccTypeID) values (90, 61, 2, 4138233, '2023-12-03 10:39:27', 315, 6513016, 'ccorrao2h', 32793883, 1);
insert into BillPaymentPreferences (ID, UserID, PaymentMethodPreferred, CardNumber, CardExpiry, CardCVV, BankAccNo, BankAccUserName, BankAccRoutingNo, BankAccTypeID) values (91, 68, 1, 1075409, '2026-11-08 20:31:07', 863, 7496778, 'hstanwix2i', 14817462, 2);
insert into BillPaymentPreferences (ID, UserID, PaymentMethodPreferred, CardNumber, CardExpiry, CardCVV, BankAccNo, BankAccUserName, BankAccRoutingNo, BankAccTypeID) values (92, 162, 3, 6960350, '2023-05-22 23:45:14', 529, 9265404, 'bfreyne2j', 59158415, 1);
insert into BillPaymentPreferences (ID, UserID, PaymentMethodPreferred, CardNumber, CardExpiry, CardCVV, BankAccNo, BankAccUserName, BankAccRoutingNo, BankAccTypeID) values (93, 71, 1, 1601267, '2027-10-06 23:53:22', 193, 8435150, 'rlittlemore2k', 26939965, 1);
insert into BillPaymentPreferences (ID, UserID, PaymentMethodPreferred, CardNumber, CardExpiry, CardCVV, BankAccNo, BankAccUserName, BankAccRoutingNo, BankAccTypeID) values (94, 229, 3, 6347091, '2025-04-06 03:58:13', 801, 7847071, 'nbullock2l', 37800214, 2);
insert into BillPaymentPreferences (ID, UserID, PaymentMethodPreferred, CardNumber, CardExpiry, CardCVV, BankAccNo, BankAccUserName, BankAccRoutingNo, BankAccTypeID) values (95, 28, 3, 2001721, '2024-01-19 05:35:04', 725, 8528453, 'odoulden2m', 66810830, 1);
insert into BillPaymentPreferences (ID, UserID, PaymentMethodPreferred, CardNumber, CardExpiry, CardCVV, BankAccNo, BankAccUserName, BankAccRoutingNo, BankAccTypeID) values (96, 210, 3, 4796905, '2026-03-02 22:30:12', 248, 9210370, 'ccowie2n', 47393933, 1);
insert into BillPaymentPreferences (ID, UserID, PaymentMethodPreferred, CardNumber, CardExpiry, CardCVV, BankAccNo, BankAccUserName, BankAccRoutingNo, BankAccTypeID) values (97, 193, 3, 1855090, '2024-02-26 19:00:38', 986, 8070327, 'jskaife2o', 30167745, 1);
insert into BillPaymentPreferences (ID, UserID, PaymentMethodPreferred, CardNumber, CardExpiry, CardCVV, BankAccNo, BankAccUserName, BankAccRoutingNo, BankAccTypeID) values (98, 249, 1, 5205156, '2027-04-14 19:21:38', 113, 6813815, 'doduane2p', 17428785, 1);
insert into BillPaymentPreferences (ID, UserID, PaymentMethodPreferred, CardNumber, CardExpiry, CardCVV, BankAccNo, BankAccUserName, BankAccRoutingNo, BankAccTypeID) values (99, 97, 2, 9119051, '2027-09-12 07:01:56', 932, 6704571, 'nturrill2q', 67551844, 2);
insert into BillPaymentPreferences (ID, UserID, PaymentMethodPreferred, CardNumber, CardExpiry, CardCVV, BankAccNo, BankAccUserName, BankAccRoutingNo, BankAccTypeID) values (100, 33, 2, 5084728, '2024-06-03 03:16:36', 591, 9200213, 'llangshaw2r', 13509596, 2);
insert into BillPaymentPreferences (ID, UserID, PaymentMethodPreferred, CardNumber, CardExpiry, CardCVV, BankAccNo, BankAccUserName, BankAccRoutingNo, BankAccTypeID) values (101, 92, 2, 5292168, '2026-09-26 23:01:12', 511, 8869074, 'hgrew2s', 87797051, 2);
insert into BillPaymentPreferences (ID, UserID, PaymentMethodPreferred, CardNumber, CardExpiry, CardCVV, BankAccNo, BankAccUserName, BankAccRoutingNo, BankAccTypeID) values (102, 185, 3, 3206421, '2025-06-18 20:40:25', 771, 8770796, 'dschirak2t', 28603697, 2);
insert into BillPaymentPreferences (ID, UserID, PaymentMethodPreferred, CardNumber, CardExpiry, CardCVV, BankAccNo, BankAccUserName, BankAccRoutingNo, BankAccTypeID) values (103, 19, 3, 8755656, '2027-08-06 03:05:23', 250, 7119644, 'cduchesne2u', 23493821, 1);
insert into BillPaymentPreferences (ID, UserID, PaymentMethodPreferred, CardNumber, CardExpiry, CardCVV, BankAccNo, BankAccUserName, BankAccRoutingNo, BankAccTypeID) values (104, 165, 1, 1624559, '2027-06-22 12:47:53', 668, 9984654, 'vcameron2v', 94211678, 1);
insert into BillPaymentPreferences (ID, UserID, PaymentMethodPreferred, CardNumber, CardExpiry, CardCVV, BankAccNo, BankAccUserName, BankAccRoutingNo, BankAccTypeID) values (105, 71, 1, 6157963, '2026-04-19 15:08:18', 359, 9760766, 'slangeley2w', 52422902, 2);
insert into BillPaymentPreferences (ID, UserID, PaymentMethodPreferred, CardNumber, CardExpiry, CardCVV, BankAccNo, BankAccUserName, BankAccRoutingNo, BankAccTypeID) values (106, 173, 3, 6224015, '2027-01-04 14:48:31', 471, 8583750, 'jdinning2x', 69876544, 2);
insert into BillPaymentPreferences (ID, UserID, PaymentMethodPreferred, CardNumber, CardExpiry, CardCVV, BankAccNo, BankAccUserName, BankAccRoutingNo, BankAccTypeID) values (107, 205, 2, 4121413, '2026-07-29 22:25:15', 872, 7406711, 'mmoseley2y', 48578660, 2);
insert into BillPaymentPreferences (ID, UserID, PaymentMethodPreferred, CardNumber, CardExpiry, CardCVV, BankAccNo, BankAccUserName, BankAccRoutingNo, BankAccTypeID) values (108, 248, 3, 8510741, '2023-05-01 02:33:29', 184, 6482858, 'bfowkes2z', 96557231, 1);
insert into BillPaymentPreferences (ID, UserID, PaymentMethodPreferred, CardNumber, CardExpiry, CardCVV, BankAccNo, BankAccUserName, BankAccRoutingNo, BankAccTypeID) values (109, 190, 3, 5646957, '2027-04-07 01:44:22', 520, 9758610, 'eroobottom30', 35485631, 2);
insert into BillPaymentPreferences (ID, UserID, PaymentMethodPreferred, CardNumber, CardExpiry, CardCVV, BankAccNo, BankAccUserName, BankAccRoutingNo, BankAccTypeID) values (110, 35, 3, 4509705, '2025-05-12 02:51:38', 821, 9379816, 'fkyteley31', 64717428, 1);
insert into BillPaymentPreferences (ID, UserID, PaymentMethodPreferred, CardNumber, CardExpiry, CardCVV, BankAccNo, BankAccUserName, BankAccRoutingNo, BankAccTypeID) values (111, 43, 1, 9489865, '2023-07-15 16:37:22', 407, 9000141, 'dsadler32', 48801197, 1);
insert into BillPaymentPreferences (ID, UserID, PaymentMethodPreferred, CardNumber, CardExpiry, CardCVV, BankAccNo, BankAccUserName, BankAccRoutingNo, BankAccTypeID) values (112, 247, 3, 9671589, '2027-11-10 09:33:44', 352, 8414664, 'gstoate33', 92797159, 1);
insert into BillPaymentPreferences (ID, UserID, PaymentMethodPreferred, CardNumber, CardExpiry, CardCVV, BankAccNo, BankAccUserName, BankAccRoutingNo, BankAccTypeID) values (113, 205, 3, 5626182, '2023-10-12 23:14:28', 159, 6114051, 'blivingston34', 76480344, 1);
insert into BillPaymentPreferences (ID, UserID, PaymentMethodPreferred, CardNumber, CardExpiry, CardCVV, BankAccNo, BankAccUserName, BankAccRoutingNo, BankAccTypeID) values (114, 215, 1, 7097051, '2027-10-01 05:35:16', 680, 9368438, 'ramort35', 84710937, 2);
insert into BillPaymentPreferences (ID, UserID, PaymentMethodPreferred, CardNumber, CardExpiry, CardCVV, BankAccNo, BankAccUserName, BankAccRoutingNo, BankAccTypeID) values (115, 118, 3, 2395409, '2027-09-17 12:29:43', 367, 9084467, 'ktarren36', 96254722, 1);
insert into BillPaymentPreferences (ID, UserID, PaymentMethodPreferred, CardNumber, CardExpiry, CardCVV, BankAccNo, BankAccUserName, BankAccRoutingNo, BankAccTypeID) values (116, 245, 1, 4738627, '2023-10-03 03:19:27', 797, 8877617, 'cjosiah37', 92418776, 2);
insert into BillPaymentPreferences (ID, UserID, PaymentMethodPreferred, CardNumber, CardExpiry, CardCVV, BankAccNo, BankAccUserName, BankAccRoutingNo, BankAccTypeID) values (117, 68, 3, 3510172, '2023-09-27 00:07:50', 910, 5801184, 'asives38', 27946852, 2);
insert into BillPaymentPreferences (ID, UserID, PaymentMethodPreferred, CardNumber, CardExpiry, CardCVV, BankAccNo, BankAccUserName, BankAccRoutingNo, BankAccTypeID) values (118, 239, 2, 6399872, '2027-11-23 16:28:27', 301, 5760957, 'hettels39', 86539194, 2);
insert into BillPaymentPreferences (ID, UserID, PaymentMethodPreferred, CardNumber, CardExpiry, CardCVV, BankAccNo, BankAccUserName, BankAccRoutingNo, BankAccTypeID) values (119, 23, 2, 3825304, '2026-07-13 23:16:42', 755, 7950868, 'dpawley3a', 89244877, 2);
insert into BillPaymentPreferences (ID, UserID, PaymentMethodPreferred, CardNumber, CardExpiry, CardCVV, BankAccNo, BankAccUserName, BankAccRoutingNo, BankAccTypeID) values (120, 147, 1, 8031123, '2024-06-03 23:09:31', 293, 6731407, 'drudgard3b', 70473783, 2);
insert into BillPaymentPreferences (ID, UserID, PaymentMethodPreferred, CardNumber, CardExpiry, CardCVV, BankAccNo, BankAccUserName, BankAccRoutingNo, BankAccTypeID) values (121, 21, 1, 4675228, '2025-03-29 10:56:33', 413, 8887438, 'rloveman3c', 88136132, 1);
insert into BillPaymentPreferences (ID, UserID, PaymentMethodPreferred, CardNumber, CardExpiry, CardCVV, BankAccNo, BankAccUserName, BankAccRoutingNo, BankAccTypeID) values (122, 233, 1, 8751412, '2027-10-05 10:56:20', 352, 9030862, 'skapiloff3d', 94422858, 1);
insert into BillPaymentPreferences (ID, UserID, PaymentMethodPreferred, CardNumber, CardExpiry, CardCVV, BankAccNo, BankAccUserName, BankAccRoutingNo, BankAccTypeID) values (123, 150, 2, 5795185, '2026-03-07 22:17:12', 497, 7560983, 'dnapolitano3e', 38534970, 2);
insert into BillPaymentPreferences (ID, UserID, PaymentMethodPreferred, CardNumber, CardExpiry, CardCVV, BankAccNo, BankAccUserName, BankAccRoutingNo, BankAccTypeID) values (124, 188, 3, 6301535, '2024-03-18 18:56:11', 271, 6430402, 'fparradine3f', 64230452, 2);
insert into BillPaymentPreferences (ID, UserID, PaymentMethodPreferred, CardNumber, CardExpiry, CardCVV, BankAccNo, BankAccUserName, BankAccRoutingNo, BankAccTypeID) values (125, 80, 3, 2327031, '2026-12-08 17:32:12', 942, 9335268, 'clamkin3g', 44470598, 2);
insert into BillPaymentPreferences (ID, UserID, PaymentMethodPreferred, CardNumber, CardExpiry, CardCVV, BankAccNo, BankAccUserName, BankAccRoutingNo, BankAccTypeID) values (126, 54, 1, 7930091, '2024-11-17 06:58:57', 868, 6754319, 'theigold3h', 92625307, 2);
insert into BillPaymentPreferences (ID, UserID, PaymentMethodPreferred, CardNumber, CardExpiry, CardCVV, BankAccNo, BankAccUserName, BankAccRoutingNo, BankAccTypeID) values (127, 31, 1, 5713238, '2024-01-14 22:36:44', 315, 5727641, 'lmatteoli3i', 51423643, 2);
insert into BillPaymentPreferences (ID, UserID, PaymentMethodPreferred, CardNumber, CardExpiry, CardCVV, BankAccNo, BankAccUserName, BankAccRoutingNo, BankAccTypeID) values (128, 164, 3, 3635263, '2027-07-18 15:33:39', 125, 7255348, 'tyegorchenkov3j', 33993025, 1);
insert into BillPaymentPreferences (ID, UserID, PaymentMethodPreferred, CardNumber, CardExpiry, CardCVV, BankAccNo, BankAccUserName, BankAccRoutingNo, BankAccTypeID) values (129, 163, 2, 8889868, '2023-10-03 14:54:09', 336, 7795438, 'tcollymore3k', 31875018, 2);
insert into BillPaymentPreferences (ID, UserID, PaymentMethodPreferred, CardNumber, CardExpiry, CardCVV, BankAccNo, BankAccUserName, BankAccRoutingNo, BankAccTypeID) values (130, 201, 3, 6992993, '2023-11-15 22:30:14', 806, 8179693, 'gcone3l', 66991751, 1);
insert into BillPaymentPreferences (ID, UserID, PaymentMethodPreferred, CardNumber, CardExpiry, CardCVV, BankAccNo, BankAccUserName, BankAccRoutingNo, BankAccTypeID) values (131, 235, 1, 4090838, '2023-10-01 19:39:27', 402, 9630043, 'hgirault3m', 78112994, 2);
insert into BillPaymentPreferences (ID, UserID, PaymentMethodPreferred, CardNumber, CardExpiry, CardCVV, BankAccNo, BankAccUserName, BankAccRoutingNo, BankAccTypeID) values (132, 211, 1, 2669993, '2027-10-07 09:29:03', 498, 8438178, 'rcurthoys3n', 80585977, 2);
insert into BillPaymentPreferences (ID, UserID, PaymentMethodPreferred, CardNumber, CardExpiry, CardCVV, BankAccNo, BankAccUserName, BankAccRoutingNo, BankAccTypeID) values (133, 164, 1, 3327876, '2023-08-11 12:00:04', 660, 6149662, 'mluff3o', 25994922, 2);
insert into BillPaymentPreferences (ID, UserID, PaymentMethodPreferred, CardNumber, CardExpiry, CardCVV, BankAccNo, BankAccUserName, BankAccRoutingNo, BankAccTypeID) values (134, 161, 1, 6942051, '2023-11-09 11:17:07', 832, 5882988, 'brippon3p', 88174024, 1);
insert into BillPaymentPreferences (ID, UserID, PaymentMethodPreferred, CardNumber, CardExpiry, CardCVV, BankAccNo, BankAccUserName, BankAccRoutingNo, BankAccTypeID) values (135, 48, 1, 9593457, '2026-07-14 20:15:12', 116, 6939038, 'rpaunton3q', 74257953, 2);
insert into BillPaymentPreferences (ID, UserID, PaymentMethodPreferred, CardNumber, CardExpiry, CardCVV, BankAccNo, BankAccUserName, BankAccRoutingNo, BankAccTypeID) values (136, 206, 1, 4058578, '2027-08-23 18:52:45', 533, 7668091, 'gcoultas3r', 75195781, 1);
insert into BillPaymentPreferences (ID, UserID, PaymentMethodPreferred, CardNumber, CardExpiry, CardCVV, BankAccNo, BankAccUserName, BankAccRoutingNo, BankAccTypeID) values (137, 139, 1, 5066826, '2025-06-15 14:48:30', 627, 6780924, 'dnassie3s', 63256518, 1);
insert into BillPaymentPreferences (ID, UserID, PaymentMethodPreferred, CardNumber, CardExpiry, CardCVV, BankAccNo, BankAccUserName, BankAccRoutingNo, BankAccTypeID) values (138, 95, 1, 7780095, '2025-04-10 08:00:49', 296, 8582848, 'tjaqueminet3t', 51256758, 1);
insert into BillPaymentPreferences (ID, UserID, PaymentMethodPreferred, CardNumber, CardExpiry, CardCVV, BankAccNo, BankAccUserName, BankAccRoutingNo, BankAccTypeID) values (139, 28, 3, 9759432, '2025-04-19 05:22:52', 806, 9518624, 'utinham3u', 32941159, 2);
insert into BillPaymentPreferences (ID, UserID, PaymentMethodPreferred, CardNumber, CardExpiry, CardCVV, BankAccNo, BankAccUserName, BankAccRoutingNo, BankAccTypeID) values (140, 8, 3, 1625437, '2024-07-29 09:02:29', 683, 5924140, 'ymcturlough3v', 33063454, 1);
insert into BillPaymentPreferences (ID, UserID, PaymentMethodPreferred, CardNumber, CardExpiry, CardCVV, BankAccNo, BankAccUserName, BankAccRoutingNo, BankAccTypeID) values (141, 246, 1, 9571140, '2024-01-30 21:28:27', 993, 9287492, 'deskriett3w', 26972787, 1);
insert into BillPaymentPreferences (ID, UserID, PaymentMethodPreferred, CardNumber, CardExpiry, CardCVV, BankAccNo, BankAccUserName, BankAccRoutingNo, BankAccTypeID) values (142, 158, 1, 4618662, '2023-05-30 23:31:21', 252, 7303283, 'stiner3x', 16432112, 1);
insert into BillPaymentPreferences (ID, UserID, PaymentMethodPreferred, CardNumber, CardExpiry, CardCVV, BankAccNo, BankAccUserName, BankAccRoutingNo, BankAccTypeID) values (143, 24, 3, 4462951, '2026-05-11 22:17:44', 427, 5933714, 'jfranzonello3y', 68103413, 2);
insert into BillPaymentPreferences (ID, UserID, PaymentMethodPreferred, CardNumber, CardExpiry, CardCVV, BankAccNo, BankAccUserName, BankAccRoutingNo, BankAccTypeID) values (144, 171, 2, 9952180, '2025-04-17 05:01:44', 283, 8033521, 'abresson3z', 23403137, 2);
insert into BillPaymentPreferences (ID, UserID, PaymentMethodPreferred, CardNumber, CardExpiry, CardCVV, BankAccNo, BankAccUserName, BankAccRoutingNo, BankAccTypeID) values (145, 74, 2, 4327771, '2027-07-12 21:30:45', 458, 8951202, 'pclaworth40', 58535906, 2);
insert into BillPaymentPreferences (ID, UserID, PaymentMethodPreferred, CardNumber, CardExpiry, CardCVV, BankAccNo, BankAccUserName, BankAccRoutingNo, BankAccTypeID) values (146, 132, 2, 4414317, '2025-02-10 17:59:56', 546, 7199266, 'tavramov41', 44520072, 2);
insert into BillPaymentPreferences (ID, UserID, PaymentMethodPreferred, CardNumber, CardExpiry, CardCVV, BankAccNo, BankAccUserName, BankAccRoutingNo, BankAccTypeID) values (147, 17, 1, 9440848, '2027-03-20 19:06:52', 862, 6211932, 'zfligg42', 27151347, 1);
insert into BillPaymentPreferences (ID, UserID, PaymentMethodPreferred, CardNumber, CardExpiry, CardCVV, BankAccNo, BankAccUserName, BankAccRoutingNo, BankAccTypeID) values (148, 173, 2, 9348137, '2027-05-20 21:22:25', 238, 6018154, 'pbrideoke43', 31116232, 1);
insert into BillPaymentPreferences (ID, UserID, PaymentMethodPreferred, CardNumber, CardExpiry, CardCVV, BankAccNo, BankAccUserName, BankAccRoutingNo, BankAccTypeID) values (149, 131, 3, 6629216, '2023-07-31 08:53:21', 709, 8147561, 'ldarling44', 35247694, 1);
insert into BillPaymentPreferences (ID, UserID, PaymentMethodPreferred, CardNumber, CardExpiry, CardCVV, BankAccNo, BankAccUserName, BankAccRoutingNo, BankAccTypeID) values (150, 31, 3, 8028446, '2025-01-14 05:21:38', 647, 9552855, 'frockey45', 35183727, 2);
insert into BillPaymentPreferences (ID, UserID, PaymentMethodPreferred, CardNumber, CardExpiry, CardCVV, BankAccNo, BankAccUserName, BankAccRoutingNo, BankAccTypeID) values (151, 72, 3, 4264895, '2027-01-04 18:41:42', 937, 5693921, 'gskullet46', 38693909, 1);
insert into BillPaymentPreferences (ID, UserID, PaymentMethodPreferred, CardNumber, CardExpiry, CardCVV, BankAccNo, BankAccUserName, BankAccRoutingNo, BankAccTypeID) values (152, 104, 2, 7793674, '2026-11-21 10:57:18', 711, 6343450, 'bissacson47', 48226801, 2);
insert into BillPaymentPreferences (ID, UserID, PaymentMethodPreferred, CardNumber, CardExpiry, CardCVV, BankAccNo, BankAccUserName, BankAccRoutingNo, BankAccTypeID) values (153, 87, 1, 6736745, '2025-02-19 23:34:18', 714, 6711465, 'dtowson48', 13657496, 1);
insert into BillPaymentPreferences (ID, UserID, PaymentMethodPreferred, CardNumber, CardExpiry, CardCVV, BankAccNo, BankAccUserName, BankAccRoutingNo, BankAccTypeID) values (154, 151, 2, 2134319, '2025-06-16 22:54:58', 525, 5920505, 'canetts49', 35758631, 2);
insert into BillPaymentPreferences (ID, UserID, PaymentMethodPreferred, CardNumber, CardExpiry, CardCVV, BankAccNo, BankAccUserName, BankAccRoutingNo, BankAccTypeID) values (155, 147, 2, 2439842, '2025-06-08 09:47:52', 698, 7174375, 'kphippard4a', 91804324, 2);
insert into BillPaymentPreferences (ID, UserID, PaymentMethodPreferred, CardNumber, CardExpiry, CardCVV, BankAccNo, BankAccUserName, BankAccRoutingNo, BankAccTypeID) values (156, 250, 1, 9053264, '2026-12-14 09:11:59', 323, 8037383, 'thamson4b', 94072737, 2);
insert into BillPaymentPreferences (ID, UserID, PaymentMethodPreferred, CardNumber, CardExpiry, CardCVV, BankAccNo, BankAccUserName, BankAccRoutingNo, BankAccTypeID) values (157, 222, 3, 1766841, '2025-08-13 19:25:01', 218, 7527394, 'hlambarton4c', 40951085, 1);
insert into BillPaymentPreferences (ID, UserID, PaymentMethodPreferred, CardNumber, CardExpiry, CardCVV, BankAccNo, BankAccUserName, BankAccRoutingNo, BankAccTypeID) values (158, 240, 3, 7665763, '2026-10-13 16:36:26', 637, 7513464, 'dvanderkruis4d', 10048823, 1);
insert into BillPaymentPreferences (ID, UserID, PaymentMethodPreferred, CardNumber, CardExpiry, CardCVV, BankAccNo, BankAccUserName, BankAccRoutingNo, BankAccTypeID) values (159, 35, 3, 3405123, '2026-03-30 07:57:28', 338, 6660966, 'abertelsen4e', 81828221, 1);
insert into BillPaymentPreferences (ID, UserID, PaymentMethodPreferred, CardNumber, CardExpiry, CardCVV, BankAccNo, BankAccUserName, BankAccRoutingNo, BankAccTypeID) values (160, 136, 3, 2647320, '2025-11-10 13:46:47', 280, 6597280, 'jlighterness4f', 79775086, 1);
insert into BillPaymentPreferences (ID, UserID, PaymentMethodPreferred, CardNumber, CardExpiry, CardCVV, BankAccNo, BankAccUserName, BankAccRoutingNo, BankAccTypeID) values (161, 89, 2, 7317020, '2023-10-07 04:26:18', 811, 7231496, 'bleband4g', 67222588, 2);
insert into BillPaymentPreferences (ID, UserID, PaymentMethodPreferred, CardNumber, CardExpiry, CardCVV, BankAccNo, BankAccUserName, BankAccRoutingNo, BankAccTypeID) values (162, 240, 2, 7109386, '2026-10-18 23:16:10', 226, 9348226, 'vcanaan4h', 11758251, 1);
insert into BillPaymentPreferences (ID, UserID, PaymentMethodPreferred, CardNumber, CardExpiry, CardCVV, BankAccNo, BankAccUserName, BankAccRoutingNo, BankAccTypeID) values (163, 46, 1, 3147633, '2025-08-20 01:57:41', 717, 9852970, 'estukings4i', 31410749, 2);
insert into BillPaymentPreferences (ID, UserID, PaymentMethodPreferred, CardNumber, CardExpiry, CardCVV, BankAccNo, BankAccUserName, BankAccRoutingNo, BankAccTypeID) values (164, 81, 1, 7513373, '2024-10-04 00:10:23', 724, 5782910, 'cmunro4j', 51967544, 2);
insert into BillPaymentPreferences (ID, UserID, PaymentMethodPreferred, CardNumber, CardExpiry, CardCVV, BankAccNo, BankAccUserName, BankAccRoutingNo, BankAccTypeID) values (165, 19, 2, 9989901, '2025-10-08 03:21:44', 931, 9601197, 'cthaine4k', 33427498, 1);
insert into BillPaymentPreferences (ID, UserID, PaymentMethodPreferred, CardNumber, CardExpiry, CardCVV, BankAccNo, BankAccUserName, BankAccRoutingNo, BankAccTypeID) values (166, 86, 2, 9134243, '2027-07-18 07:22:22', 936, 6567858, 'rhuckle4l', 56582562, 1);
insert into BillPaymentPreferences (ID, UserID, PaymentMethodPreferred, CardNumber, CardExpiry, CardCVV, BankAccNo, BankAccUserName, BankAccRoutingNo, BankAccTypeID) values (167, 132, 1, 3193675, '2027-07-12 20:08:42', 862, 8390655, 'nkluge4m', 61261952, 2);
insert into BillPaymentPreferences (ID, UserID, PaymentMethodPreferred, CardNumber, CardExpiry, CardCVV, BankAccNo, BankAccUserName, BankAccRoutingNo, BankAccTypeID) values (168, 236, 3, 7774166, '2024-03-29 21:28:16', 585, 7563380, 'lkittless4n', 78972482, 1);
insert into BillPaymentPreferences (ID, UserID, PaymentMethodPreferred, CardNumber, CardExpiry, CardCVV, BankAccNo, BankAccUserName, BankAccRoutingNo, BankAccTypeID) values (169, 146, 2, 1245271, '2025-02-08 09:56:23', 994, 9226894, 'alipprose4o', 72774397, 2);
insert into BillPaymentPreferences (ID, UserID, PaymentMethodPreferred, CardNumber, CardExpiry, CardCVV, BankAccNo, BankAccUserName, BankAccRoutingNo, BankAccTypeID) values (170, 8, 3, 3320565, '2027-12-20 05:16:28', 924, 5675205, 'cduchateau4p', 95772530, 1);
insert into BillPaymentPreferences (ID, UserID, PaymentMethodPreferred, CardNumber, CardExpiry, CardCVV, BankAccNo, BankAccUserName, BankAccRoutingNo, BankAccTypeID) values (171, 11, 1, 2892353, '2024-01-08 12:25:00', 580, 6339937, 'hmckennan4q', 32454845, 1);
insert into BillPaymentPreferences (ID, UserID, PaymentMethodPreferred, CardNumber, CardExpiry, CardCVV, BankAccNo, BankAccUserName, BankAccRoutingNo, BankAccTypeID) values (172, 211, 3, 3255890, '2027-04-19 13:48:13', 757, 6728762, 'lreschke4r', 61172649, 2);
insert into BillPaymentPreferences (ID, UserID, PaymentMethodPreferred, CardNumber, CardExpiry, CardCVV, BankAccNo, BankAccUserName, BankAccRoutingNo, BankAccTypeID) values (173, 202, 1, 3978085, '2024-03-08 13:50:01', 343, 9792677, 'ojellman4s', 63850878, 1);
insert into BillPaymentPreferences (ID, UserID, PaymentMethodPreferred, CardNumber, CardExpiry, CardCVV, BankAccNo, BankAccUserName, BankAccRoutingNo, BankAccTypeID) values (174, 125, 2, 9764629, '2027-04-27 11:27:33', 471, 6648504, 'ljurca4t', 21158305, 2);
insert into BillPaymentPreferences (ID, UserID, PaymentMethodPreferred, CardNumber, CardExpiry, CardCVV, BankAccNo, BankAccUserName, BankAccRoutingNo, BankAccTypeID) values (175, 124, 2, 6797475, '2024-07-04 16:28:26', 727, 7292821, 'jgavini4u', 95197941, 1);
insert into BillPaymentPreferences (ID, UserID, PaymentMethodPreferred, CardNumber, CardExpiry, CardCVV, BankAccNo, BankAccUserName, BankAccRoutingNo, BankAccTypeID) values (176, 2, 1, 1971800, '2023-05-12 02:25:54', 475, 5668142, 'sbeckham4v', 66773941, 2);
insert into BillPaymentPreferences (ID, UserID, PaymentMethodPreferred, CardNumber, CardExpiry, CardCVV, BankAccNo, BankAccUserName, BankAccRoutingNo, BankAccTypeID) values (177, 131, 1, 2965443, '2025-10-08 23:23:27', 512, 6725137, 'msutherington4w', 48313368, 2);
insert into BillPaymentPreferences (ID, UserID, PaymentMethodPreferred, CardNumber, CardExpiry, CardCVV, BankAccNo, BankAccUserName, BankAccRoutingNo, BankAccTypeID) values (178, 51, 2, 4903505, '2027-12-27 21:36:06', 198, 7522144, 'jpurkis4x', 76704543, 2);
insert into BillPaymentPreferences (ID, UserID, PaymentMethodPreferred, CardNumber, CardExpiry, CardCVV, BankAccNo, BankAccUserName, BankAccRoutingNo, BankAccTypeID) values (179, 205, 2, 1042553, '2023-12-17 10:25:57', 422, 9903349, 'dcranidge4y', 71863099, 2);
insert into BillPaymentPreferences (ID, UserID, PaymentMethodPreferred, CardNumber, CardExpiry, CardCVV, BankAccNo, BankAccUserName, BankAccRoutingNo, BankAccTypeID) values (180, 178, 1, 9862003, '2027-01-14 01:58:13', 325, 6032172, 'flabel4z', 76682766, 1);
insert into BillPaymentPreferences (ID, UserID, PaymentMethodPreferred, CardNumber, CardExpiry, CardCVV, BankAccNo, BankAccUserName, BankAccRoutingNo, BankAccTypeID) values (181, 174, 1, 6868068, '2025-08-29 16:03:31', 937, 6030572, 'wmein50', 74933735, 2);
insert into BillPaymentPreferences (ID, UserID, PaymentMethodPreferred, CardNumber, CardExpiry, CardCVV, BankAccNo, BankAccUserName, BankAccRoutingNo, BankAccTypeID) values (182, 228, 1, 4915761, '2027-02-02 08:57:46', 255, 6955789, 'gupfold51', 43176128, 2);
insert into BillPaymentPreferences (ID, UserID, PaymentMethodPreferred, CardNumber, CardExpiry, CardCVV, BankAccNo, BankAccUserName, BankAccRoutingNo, BankAccTypeID) values (183, 216, 3, 9481956, '2025-03-10 07:15:52', 693, 9795893, 'wlabet52', 42474103, 1);
insert into BillPaymentPreferences (ID, UserID, PaymentMethodPreferred, CardNumber, CardExpiry, CardCVV, BankAccNo, BankAccUserName, BankAccRoutingNo, BankAccTypeID) values (184, 93, 1, 4936299, '2027-03-10 00:02:11', 433, 6062243, 'lhallt53', 61242877, 1);
insert into BillPaymentPreferences (ID, UserID, PaymentMethodPreferred, CardNumber, CardExpiry, CardCVV, BankAccNo, BankAccUserName, BankAccRoutingNo, BankAccTypeID) values (185, 54, 2, 2401836, '2027-01-01 14:52:32', 702, 7543894, 'htabert54', 69958275, 2);
insert into BillPaymentPreferences (ID, UserID, PaymentMethodPreferred, CardNumber, CardExpiry, CardCVV, BankAccNo, BankAccUserName, BankAccRoutingNo, BankAccTypeID) values (186, 37, 2, 3484020, '2023-07-23 14:32:18', 113, 7464342, 'bpowis55', 71150113, 1);
insert into BillPaymentPreferences (ID, UserID, PaymentMethodPreferred, CardNumber, CardExpiry, CardCVV, BankAccNo, BankAccUserName, BankAccRoutingNo, BankAccTypeID) values (187, 12, 3, 4842350, '2027-09-30 21:31:14', 804, 7438320, 'mgridon56', 63311612, 2);
insert into BillPaymentPreferences (ID, UserID, PaymentMethodPreferred, CardNumber, CardExpiry, CardCVV, BankAccNo, BankAccUserName, BankAccRoutingNo, BankAccTypeID) values (188, 64, 3, 8423040, '2027-02-16 00:22:07', 205, 6190590, 'hrapsey57', 61013029, 1);
insert into BillPaymentPreferences (ID, UserID, PaymentMethodPreferred, CardNumber, CardExpiry, CardCVV, BankAccNo, BankAccUserName, BankAccRoutingNo, BankAccTypeID) values (189, 105, 2, 6710683, '2027-11-29 11:02:56', 364, 8248988, 'cvarnam58', 80016410, 1);
insert into BillPaymentPreferences (ID, UserID, PaymentMethodPreferred, CardNumber, CardExpiry, CardCVV, BankAccNo, BankAccUserName, BankAccRoutingNo, BankAccTypeID) values (190, 211, 2, 7304234, '2026-07-24 05:09:51', 724, 9836122, 'bpiaggia59', 86755117, 1);
insert into BillPaymentPreferences (ID, UserID, PaymentMethodPreferred, CardNumber, CardExpiry, CardCVV, BankAccNo, BankAccUserName, BankAccRoutingNo, BankAccTypeID) values (191, 160, 1, 7351084, '2026-07-21 12:36:02', 143, 5688465, 'apatzelt5a', 80173786, 1);
insert into BillPaymentPreferences (ID, UserID, PaymentMethodPreferred, CardNumber, CardExpiry, CardCVV, BankAccNo, BankAccUserName, BankAccRoutingNo, BankAccTypeID) values (192, 148, 1, 1384847, '2023-06-02 20:59:33', 514, 7051479, 'vklink5b', 11844546, 1);
insert into BillPaymentPreferences (ID, UserID, PaymentMethodPreferred, CardNumber, CardExpiry, CardCVV, BankAccNo, BankAccUserName, BankAccRoutingNo, BankAccTypeID) values (193, 127, 3, 9731607, '2027-12-26 22:27:01', 179, 8178442, 'wmastrantone5c', 77518917, 2);
insert into BillPaymentPreferences (ID, UserID, PaymentMethodPreferred, CardNumber, CardExpiry, CardCVV, BankAccNo, BankAccUserName, BankAccRoutingNo, BankAccTypeID) values (194, 84, 3, 6561610, '2025-10-25 17:35:29', 664, 6034640, 'rmenichino5d', 49530174, 2);
insert into BillPaymentPreferences (ID, UserID, PaymentMethodPreferred, CardNumber, CardExpiry, CardCVV, BankAccNo, BankAccUserName, BankAccRoutingNo, BankAccTypeID) values (195, 203, 1, 2190689, '2027-10-08 02:02:50', 489, 8526584, 'gdonke5e', 42763740, 1);
insert into BillPaymentPreferences (ID, UserID, PaymentMethodPreferred, CardNumber, CardExpiry, CardCVV, BankAccNo, BankAccUserName, BankAccRoutingNo, BankAccTypeID) values (196, 16, 2, 4816413, '2024-02-18 13:46:45', 667, 8887239, 'ealishoner5f', 53079587, 1);
insert into BillPaymentPreferences (ID, UserID, PaymentMethodPreferred, CardNumber, CardExpiry, CardCVV, BankAccNo, BankAccUserName, BankAccRoutingNo, BankAccTypeID) values (197, 196, 3, 7370374, '2026-09-28 19:30:25', 568, 9202730, 'vjewise5g', 43180095, 1);
insert into BillPaymentPreferences (ID, UserID, PaymentMethodPreferred, CardNumber, CardExpiry, CardCVV, BankAccNo, BankAccUserName, BankAccRoutingNo, BankAccTypeID) values (198, 233, 3, 1277194, '2027-06-07 12:02:40', 576, 7658178, 'sbiers5h', 16278036, 2);
insert into BillPaymentPreferences (ID, UserID, PaymentMethodPreferred, CardNumber, CardExpiry, CardCVV, BankAccNo, BankAccUserName, BankAccRoutingNo, BankAccTypeID) values (199, 218, 2, 6770047, '2025-04-07 00:41:37', 539, 8724699, 'aburfoot5i', 63889004, 2);
insert into BillPaymentPreferences (ID, UserID, PaymentMethodPreferred, CardNumber, CardExpiry, CardCVV, BankAccNo, BankAccUserName, BankAccRoutingNo, BankAccTypeID) values (200, 185, 3, 8807498, '2025-03-02 02:00:36', 125, 7428564, 'ncannaway5j', 35295914, 2);
insert into BillPaymentPreferences (ID, UserID, PaymentMethodPreferred, CardNumber, CardExpiry, CardCVV, BankAccNo, BankAccUserName, BankAccRoutingNo, BankAccTypeID) values (201, 187, 2, 1612977, '2023-06-20 20:04:11', 312, 6288825, 'lewan5k', 41086761, 2);
insert into BillPaymentPreferences (ID, UserID, PaymentMethodPreferred, CardNumber, CardExpiry, CardCVV, BankAccNo, BankAccUserName, BankAccRoutingNo, BankAccTypeID) values (202, 247, 2, 7752031, '2027-07-17 12:58:46', 984, 7838939, 'gbeautyman5l', 59251551, 2);
insert into BillPaymentPreferences (ID, UserID, PaymentMethodPreferred, CardNumber, CardExpiry, CardCVV, BankAccNo, BankAccUserName, BankAccRoutingNo, BankAccTypeID) values (203, 129, 2, 6038135, '2023-12-02 13:51:33', 307, 6364869, 'byonge5m', 10040511, 2);
insert into BillPaymentPreferences (ID, UserID, PaymentMethodPreferred, CardNumber, CardExpiry, CardCVV, BankAccNo, BankAccUserName, BankAccRoutingNo, BankAccTypeID) values (204, 43, 3, 3763215, '2023-07-30 14:19:50', 868, 6147755, 'cmcnabb5n', 43226909, 1);
insert into BillPaymentPreferences (ID, UserID, PaymentMethodPreferred, CardNumber, CardExpiry, CardCVV, BankAccNo, BankAccUserName, BankAccRoutingNo, BankAccTypeID) values (205, 219, 2, 2925564, '2026-03-02 23:25:45', 167, 8452204, 'efunnell5o', 64323739, 1);
insert into BillPaymentPreferences (ID, UserID, PaymentMethodPreferred, CardNumber, CardExpiry, CardCVV, BankAccNo, BankAccUserName, BankAccRoutingNo, BankAccTypeID) values (206, 129, 1, 5947173, '2024-08-18 05:39:16', 886, 7504887, 'btommasi5p', 61061719, 1);
insert into BillPaymentPreferences (ID, UserID, PaymentMethodPreferred, CardNumber, CardExpiry, CardCVV, BankAccNo, BankAccUserName, BankAccRoutingNo, BankAccTypeID) values (207, 120, 2, 2306874, '2027-03-26 07:53:07', 141, 6268070, 'mmarkos5q', 58843352, 2);
insert into BillPaymentPreferences (ID, UserID, PaymentMethodPreferred, CardNumber, CardExpiry, CardCVV, BankAccNo, BankAccUserName, BankAccRoutingNo, BankAccTypeID) values (208, 208, 3, 7073695, '2026-07-02 00:48:38', 514, 6136632, 'sstoll5r', 59575872, 2);
insert into BillPaymentPreferences (ID, UserID, PaymentMethodPreferred, CardNumber, CardExpiry, CardCVV, BankAccNo, BankAccUserName, BankAccRoutingNo, BankAccTypeID) values (209, 46, 1, 7546208, '2024-02-26 02:28:02', 659, 7330455, 'aevreux5s', 34999390, 1);
insert into BillPaymentPreferences (ID, UserID, PaymentMethodPreferred, CardNumber, CardExpiry, CardCVV, BankAccNo, BankAccUserName, BankAccRoutingNo, BankAccTypeID) values (210, 78, 3, 8336447, '2024-06-11 10:15:37', 127, 6376874, 'tpickerell5t', 28576990, 1);
insert into BillPaymentPreferences (ID, UserID, PaymentMethodPreferred, CardNumber, CardExpiry, CardCVV, BankAccNo, BankAccUserName, BankAccRoutingNo, BankAccTypeID) values (211, 189, 2, 3100721, '2027-12-20 21:50:16', 157, 7728880, 'gdabbs5u', 12920638, 1);
insert into BillPaymentPreferences (ID, UserID, PaymentMethodPreferred, CardNumber, CardExpiry, CardCVV, BankAccNo, BankAccUserName, BankAccRoutingNo, BankAccTypeID) values (212, 242, 1, 3656413, '2026-11-07 21:19:55', 814, 6599217, 'dcardiff5v', 25545686, 2);
insert into BillPaymentPreferences (ID, UserID, PaymentMethodPreferred, CardNumber, CardExpiry, CardCVV, BankAccNo, BankAccUserName, BankAccRoutingNo, BankAccTypeID) values (213, 19, 2, 5817076, '2026-12-07 02:00:06', 426, 5571220, 'kfilasov5w', 90736134, 2);
insert into BillPaymentPreferences (ID, UserID, PaymentMethodPreferred, CardNumber, CardExpiry, CardCVV, BankAccNo, BankAccUserName, BankAccRoutingNo, BankAccTypeID) values (214, 2, 1, 9916748, '2027-10-20 20:37:20', 306, 8924689, 'kschwier5x', 64080661, 2);
insert into BillPaymentPreferences (ID, UserID, PaymentMethodPreferred, CardNumber, CardExpiry, CardCVV, BankAccNo, BankAccUserName, BankAccRoutingNo, BankAccTypeID) values (215, 238, 2, 9594224, '2023-12-26 09:58:38', 682, 8524084, 'ggideon5y', 42252113, 2);
insert into BillPaymentPreferences (ID, UserID, PaymentMethodPreferred, CardNumber, CardExpiry, CardCVV, BankAccNo, BankAccUserName, BankAccRoutingNo, BankAccTypeID) values (216, 210, 2, 7391244, '2025-03-02 10:06:56', 432, 8537805, 'dstairmond5z', 63745473, 2);
insert into BillPaymentPreferences (ID, UserID, PaymentMethodPreferred, CardNumber, CardExpiry, CardCVV, BankAccNo, BankAccUserName, BankAccRoutingNo, BankAccTypeID) values (217, 62, 3, 1566230, '2023-07-04 14:30:20', 585, 6150513, 'ipursey60', 32001813, 2);
insert into BillPaymentPreferences (ID, UserID, PaymentMethodPreferred, CardNumber, CardExpiry, CardCVV, BankAccNo, BankAccUserName, BankAccRoutingNo, BankAccTypeID) values (218, 216, 1, 5636033, '2024-06-24 17:19:18', 997, 8038698, 'lrymmer61', 41752198, 2);
insert into BillPaymentPreferences (ID, UserID, PaymentMethodPreferred, CardNumber, CardExpiry, CardCVV, BankAccNo, BankAccUserName, BankAccRoutingNo, BankAccTypeID) values (219, 149, 1, 9126101, '2025-07-02 05:03:52', 251, 8130724, 'cmachin62', 89341932, 2);
insert into BillPaymentPreferences (ID, UserID, PaymentMethodPreferred, CardNumber, CardExpiry, CardCVV, BankAccNo, BankAccUserName, BankAccRoutingNo, BankAccTypeID) values (220, 63, 2, 6815780, '2026-04-27 09:10:25', 322, 9999531, 'jmiddlemiss63', 38692147, 2);
insert into BillPaymentPreferences (ID, UserID, PaymentMethodPreferred, CardNumber, CardExpiry, CardCVV, BankAccNo, BankAccUserName, BankAccRoutingNo, BankAccTypeID) values (221, 206, 3, 7130139, '2023-05-13 23:03:46', 556, 9015082, 'tgregol64', 17529289, 2);
insert into BillPaymentPreferences (ID, UserID, PaymentMethodPreferred, CardNumber, CardExpiry, CardCVV, BankAccNo, BankAccUserName, BankAccRoutingNo, BankAccTypeID) values (222, 41, 1, 6429587, '2024-12-26 21:21:05', 328, 5913948, 'gkmieciak65', 39204444, 1);
insert into BillPaymentPreferences (ID, UserID, PaymentMethodPreferred, CardNumber, CardExpiry, CardCVV, BankAccNo, BankAccUserName, BankAccRoutingNo, BankAccTypeID) values (223, 143, 1, 3624489, '2024-09-15 17:55:44', 782, 8541798, 'videnden66', 72610719, 2);
insert into BillPaymentPreferences (ID, UserID, PaymentMethodPreferred, CardNumber, CardExpiry, CardCVV, BankAccNo, BankAccUserName, BankAccRoutingNo, BankAccTypeID) values (224, 145, 3, 2224579, '2027-01-16 00:39:37', 787, 6649831, 'ddarcy67', 98300404, 1);
insert into BillPaymentPreferences (ID, UserID, PaymentMethodPreferred, CardNumber, CardExpiry, CardCVV, BankAccNo, BankAccUserName, BankAccRoutingNo, BankAccTypeID) values (225, 3, 2, 2957691, '2027-09-24 06:18:33', 206, 9850527, 'rhalvorsen68', 31902543, 2);
insert into BillPaymentPreferences (ID, UserID, PaymentMethodPreferred, CardNumber, CardExpiry, CardCVV, BankAccNo, BankAccUserName, BankAccRoutingNo, BankAccTypeID) values (226, 180, 2, 1692859, '2026-09-07 22:46:15', 485, 7305012, 'mpiele69', 44544473, 1);
insert into BillPaymentPreferences (ID, UserID, PaymentMethodPreferred, CardNumber, CardExpiry, CardCVV, BankAccNo, BankAccUserName, BankAccRoutingNo, BankAccTypeID) values (227, 43, 3, 6581218, '2025-06-07 11:48:36', 344, 9937478, 'nbrindley6a', 77751044, 1);
insert into BillPaymentPreferences (ID, UserID, PaymentMethodPreferred, CardNumber, CardExpiry, CardCVV, BankAccNo, BankAccUserName, BankAccRoutingNo, BankAccTypeID) values (228, 100, 3, 8177583, '2027-08-23 13:28:57', 807, 7729534, 'hgheerhaert6b', 45165515, 2);
insert into BillPaymentPreferences (ID, UserID, PaymentMethodPreferred, CardNumber, CardExpiry, CardCVV, BankAccNo, BankAccUserName, BankAccRoutingNo, BankAccTypeID) values (229, 87, 2, 2784161, '2023-08-12 21:10:49', 405, 7303431, 'oclaffey6c', 33169895, 1);
insert into BillPaymentPreferences (ID, UserID, PaymentMethodPreferred, CardNumber, CardExpiry, CardCVV, BankAccNo, BankAccUserName, BankAccRoutingNo, BankAccTypeID) values (230, 84, 2, 3764312, '2026-05-25 04:30:14', 237, 6545094, 'alarwood6d', 21571076, 2);
insert into BillPaymentPreferences (ID, UserID, PaymentMethodPreferred, CardNumber, CardExpiry, CardCVV, BankAccNo, BankAccUserName, BankAccRoutingNo, BankAccTypeID) values (231, 196, 3, 7453928, '2025-09-25 02:23:39', 308, 9231794, 'fmacaree6e', 36372843, 1);
insert into BillPaymentPreferences (ID, UserID, PaymentMethodPreferred, CardNumber, CardExpiry, CardCVV, BankAccNo, BankAccUserName, BankAccRoutingNo, BankAccTypeID) values (232, 129, 2, 9078385, '2026-07-02 20:08:51', 283, 7971952, 'nburfitt6f', 99246020, 1);
insert into BillPaymentPreferences (ID, UserID, PaymentMethodPreferred, CardNumber, CardExpiry, CardCVV, BankAccNo, BankAccUserName, BankAccRoutingNo, BankAccTypeID) values (233, 111, 3, 4626599, '2027-03-06 23:09:50', 663, 5941950, 'ascantleberry6g', 57290975, 1);
insert into BillPaymentPreferences (ID, UserID, PaymentMethodPreferred, CardNumber, CardExpiry, CardCVV, BankAccNo, BankAccUserName, BankAccRoutingNo, BankAccTypeID) values (234, 28, 3, 1877688, '2025-12-23 20:58:55', 450, 9594892, 'iworsnup6h', 63300178, 1);
insert into BillPaymentPreferences (ID, UserID, PaymentMethodPreferred, CardNumber, CardExpiry, CardCVV, BankAccNo, BankAccUserName, BankAccRoutingNo, BankAccTypeID) values (235, 146, 3, 6566728, '2024-05-30 12:27:13', 713, 5667434, 'lweatherill6i', 48021446, 2);
insert into BillPaymentPreferences (ID, UserID, PaymentMethodPreferred, CardNumber, CardExpiry, CardCVV, BankAccNo, BankAccUserName, BankAccRoutingNo, BankAccTypeID) values (236, 99, 1, 4586175, '2024-09-14 00:38:54', 419, 7934264, 'tmingauld6j', 33013437, 2);
insert into BillPaymentPreferences (ID, UserID, PaymentMethodPreferred, CardNumber, CardExpiry, CardCVV, BankAccNo, BankAccUserName, BankAccRoutingNo, BankAccTypeID) values (237, 197, 3, 8194023, '2025-08-22 09:03:22', 662, 8828895, 'mmarr6k', 75644551, 1);
insert into BillPaymentPreferences (ID, UserID, PaymentMethodPreferred, CardNumber, CardExpiry, CardCVV, BankAccNo, BankAccUserName, BankAccRoutingNo, BankAccTypeID) values (238, 45, 2, 9978779, '2023-12-03 02:24:16', 963, 8820777, 'ggwilym6l', 33075322, 2);
insert into BillPaymentPreferences (ID, UserID, PaymentMethodPreferred, CardNumber, CardExpiry, CardCVV, BankAccNo, BankAccUserName, BankAccRoutingNo, BankAccTypeID) values (239, 230, 2, 3646261, '2024-05-01 07:37:18', 151, 7588649, 'vcoulman6m', 98842683, 1);
insert into BillPaymentPreferences (ID, UserID, PaymentMethodPreferred, CardNumber, CardExpiry, CardCVV, BankAccNo, BankAccUserName, BankAccRoutingNo, BankAccTypeID) values (240, 200, 2, 7568847, '2025-08-11 15:57:08', 562, 6721968, 'laxcel6n', 93156151, 2);
insert into BillPaymentPreferences (ID, UserID, PaymentMethodPreferred, CardNumber, CardExpiry, CardCVV, BankAccNo, BankAccUserName, BankAccRoutingNo, BankAccTypeID) values (241, 102, 3, 3939800, '2024-10-06 05:54:24', 713, 7592626, 'esnoddon6o', 51256762, 1);
insert into BillPaymentPreferences (ID, UserID, PaymentMethodPreferred, CardNumber, CardExpiry, CardCVV, BankAccNo, BankAccUserName, BankAccRoutingNo, BankAccTypeID) values (242, 7, 1, 6402321, '2024-09-08 10:02:44', 746, 9633496, 'avandenbroek6p', 55414811, 2);
insert into BillPaymentPreferences (ID, UserID, PaymentMethodPreferred, CardNumber, CardExpiry, CardCVV, BankAccNo, BankAccUserName, BankAccRoutingNo, BankAccTypeID) values (243, 104, 2, 1221110, '2026-07-11 00:53:47', 896, 8442560, 'fmacfadzan6q', 57203590, 1);
insert into BillPaymentPreferences (ID, UserID, PaymentMethodPreferred, CardNumber, CardExpiry, CardCVV, BankAccNo, BankAccUserName, BankAccRoutingNo, BankAccTypeID) values (244, 116, 1, 4200274, '2024-11-26 09:31:52', 113, 8187276, 'ballenby6r', 72091569, 2);
insert into BillPaymentPreferences (ID, UserID, PaymentMethodPreferred, CardNumber, CardExpiry, CardCVV, BankAccNo, BankAccUserName, BankAccRoutingNo, BankAccTypeID) values (245, 77, 3, 9014546, '2023-11-22 07:02:03', 584, 9789719, 'jlegging6s', 92882490, 2);
insert into BillPaymentPreferences (ID, UserID, PaymentMethodPreferred, CardNumber, CardExpiry, CardCVV, BankAccNo, BankAccUserName, BankAccRoutingNo, BankAccTypeID) values (246, 34, 2, 6170046, '2026-05-23 17:13:13', 687, 7608147, 'cscherme6t', 32933936, 1);
insert into BillPaymentPreferences (ID, UserID, PaymentMethodPreferred, CardNumber, CardExpiry, CardCVV, BankAccNo, BankAccUserName, BankAccRoutingNo, BankAccTypeID) values (247, 228, 2, 9640107, '2027-10-01 01:27:39', 760, 5671391, 'dchatenet6u', 21884653, 2);
insert into BillPaymentPreferences (ID, UserID, PaymentMethodPreferred, CardNumber, CardExpiry, CardCVV, BankAccNo, BankAccUserName, BankAccRoutingNo, BankAccTypeID) values (248, 81, 2, 7150865, '2024-07-19 17:08:32', 486, 5854244, 'ochesher6v', 86399314, 1);
insert into BillPaymentPreferences (ID, UserID, PaymentMethodPreferred, CardNumber, CardExpiry, CardCVV, BankAccNo, BankAccUserName, BankAccRoutingNo, BankAccTypeID) values (249, 58, 3, 2257719, '2024-09-23 00:19:29', 943, 8783528, 'bpotzold6w', 57334788, 1);
insert into BillPaymentPreferences (ID, UserID, PaymentMethodPreferred, CardNumber, CardExpiry, CardCVV, BankAccNo, BankAccUserName, BankAccRoutingNo, BankAccTypeID) values (250, 39, 1, 9931048, '2025-11-13 07:25:13', 558, 7136619, 'rkopfen6x', 90267563, 1);


insert into NotificationPreferences (ID, AddressID, EmailNotification, PhoneNotification, ServicePhoneCalls) values (2, 50, 0, 0, 1);
insert into NotificationPreferences (ID, AddressID, EmailNotification, PhoneNotification, ServicePhoneCalls) values (3, 202, 0, 0, 1);
insert into NotificationPreferences (ID, AddressID, EmailNotification, PhoneNotification, ServicePhoneCalls) values (4, 218, 0, 0, 0);
insert into NotificationPreferences (ID, AddressID, EmailNotification, PhoneNotification, ServicePhoneCalls) values (5, 72, 0, 1, 0);
insert into NotificationPreferences (ID, AddressID, EmailNotification, PhoneNotification, ServicePhoneCalls) values (6, 212, 0, 1, 0);
insert into NotificationPreferences (ID, AddressID, EmailNotification, PhoneNotification, ServicePhoneCalls) values (7, 53, 0, 0, 0);
insert into NotificationPreferences (ID, AddressID, EmailNotification, PhoneNotification, ServicePhoneCalls) values (8, 223, 0, 0, 0);
insert into NotificationPreferences (ID, AddressID, EmailNotification, PhoneNotification, ServicePhoneCalls) values (9, 121, 1, 1, 1);
insert into NotificationPreferences (ID, AddressID, EmailNotification, PhoneNotification, ServicePhoneCalls) values (10, 6, 0, 0, 0);
insert into NotificationPreferences (ID, AddressID, EmailNotification, PhoneNotification, ServicePhoneCalls) values (11, 210, 1, 1, 1);
insert into NotificationPreferences (ID, AddressID, EmailNotification, PhoneNotification, ServicePhoneCalls) values (12, 53, 1, 1, 1);
insert into NotificationPreferences (ID, AddressID, EmailNotification, PhoneNotification, ServicePhoneCalls) values (13, 221, 1, 0, 0);
insert into NotificationPreferences (ID, AddressID, EmailNotification, PhoneNotification, ServicePhoneCalls) values (14, 44, 0, 0, 0);
insert into NotificationPreferences (ID, AddressID, EmailNotification, PhoneNotification, ServicePhoneCalls) values (15, 91, 1, 1, 0);
insert into NotificationPreferences (ID, AddressID, EmailNotification, PhoneNotification, ServicePhoneCalls) values (16, 98, 0, 0, 0);
insert into NotificationPreferences (ID, AddressID, EmailNotification, PhoneNotification, ServicePhoneCalls) values (17, 87, 1, 1, 0);
insert into NotificationPreferences (ID, AddressID, EmailNotification, PhoneNotification, ServicePhoneCalls) values (18, 124, 1, 0, 1);
insert into NotificationPreferences (ID, AddressID, EmailNotification, PhoneNotification, ServicePhoneCalls) values (19, 108, 0, 1, 0);
insert into NotificationPreferences (ID, AddressID, EmailNotification, PhoneNotification, ServicePhoneCalls) values (20, 182, 1, 0, 1);
insert into NotificationPreferences (ID, AddressID, EmailNotification, PhoneNotification, ServicePhoneCalls) values (21, 39, 0, 1, 0);
insert into NotificationPreferences (ID, AddressID, EmailNotification, PhoneNotification, ServicePhoneCalls) values (22, 170, 0, 0, 1);
insert into NotificationPreferences (ID, AddressID, EmailNotification, PhoneNotification, ServicePhoneCalls) values (23, 44, 1, 0, 1);
insert into NotificationPreferences (ID, AddressID, EmailNotification, PhoneNotification, ServicePhoneCalls) values (24, 86, 1, 0, 1);
insert into NotificationPreferences (ID, AddressID, EmailNotification, PhoneNotification, ServicePhoneCalls) values (25, 230, 0, 0, 0);
insert into NotificationPreferences (ID, AddressID, EmailNotification, PhoneNotification, ServicePhoneCalls) values (26, 127, 1, 1, 0);
insert into NotificationPreferences (ID, AddressID, EmailNotification, PhoneNotification, ServicePhoneCalls) values (27, 169, 1, 0, 0);
insert into NotificationPreferences (ID, AddressID, EmailNotification, PhoneNotification, ServicePhoneCalls) values (28, 31, 1, 0, 0);
insert into NotificationPreferences (ID, AddressID, EmailNotification, PhoneNotification, ServicePhoneCalls) values (29, 108, 0, 0, 0);
insert into NotificationPreferences (ID, AddressID, EmailNotification, PhoneNotification, ServicePhoneCalls) values (30, 26, 1, 1, 0);
insert into NotificationPreferences (ID, AddressID, EmailNotification, PhoneNotification, ServicePhoneCalls) values (31, 129, 0, 0, 1);
insert into NotificationPreferences (ID, AddressID, EmailNotification, PhoneNotification, ServicePhoneCalls) values (32, 3, 0, 0, 1);
insert into NotificationPreferences (ID, AddressID, EmailNotification, PhoneNotification, ServicePhoneCalls) values (33, 7, 0, 0, 0);
insert into NotificationPreferences (ID, AddressID, EmailNotification, PhoneNotification, ServicePhoneCalls) values (34, 94, 1, 1, 1);
insert into NotificationPreferences (ID, AddressID, EmailNotification, PhoneNotification, ServicePhoneCalls) values (35, 28, 0, 1, 0);
insert into NotificationPreferences (ID, AddressID, EmailNotification, PhoneNotification, ServicePhoneCalls) values (36, 166, 0, 1, 0);
insert into NotificationPreferences (ID, AddressID, EmailNotification, PhoneNotification, ServicePhoneCalls) values (37, 129, 1, 1, 0);
insert into NotificationPreferences (ID, AddressID, EmailNotification, PhoneNotification, ServicePhoneCalls) values (38, 58, 0, 1, 1);
insert into NotificationPreferences (ID, AddressID, EmailNotification, PhoneNotification, ServicePhoneCalls) values (39, 206, 0, 1, 1);
insert into NotificationPreferences (ID, AddressID, EmailNotification, PhoneNotification, ServicePhoneCalls) values (40, 195, 1, 1, 0);
insert into NotificationPreferences (ID, AddressID, EmailNotification, PhoneNotification, ServicePhoneCalls) values (41, 37, 0, 1, 1);
insert into NotificationPreferences (ID, AddressID, EmailNotification, PhoneNotification, ServicePhoneCalls) values (42, 232, 1, 1, 1);
insert into NotificationPreferences (ID, AddressID, EmailNotification, PhoneNotification, ServicePhoneCalls) values (43, 86, 1, 1, 0);
insert into NotificationPreferences (ID, AddressID, EmailNotification, PhoneNotification, ServicePhoneCalls) values (44, 219, 1, 0, 1);
insert into NotificationPreferences (ID, AddressID, EmailNotification, PhoneNotification, ServicePhoneCalls) values (45, 220, 1, 0, 1);
insert into NotificationPreferences (ID, AddressID, EmailNotification, PhoneNotification, ServicePhoneCalls) values (46, 21, 1, 0, 1);
insert into NotificationPreferences (ID, AddressID, EmailNotification, PhoneNotification, ServicePhoneCalls) values (47, 33, 1, 0, 1);
insert into NotificationPreferences (ID, AddressID, EmailNotification, PhoneNotification, ServicePhoneCalls) values (48, 25, 0, 0, 0);
insert into NotificationPreferences (ID, AddressID, EmailNotification, PhoneNotification, ServicePhoneCalls) values (49, 243, 0, 0, 1);
insert into NotificationPreferences (ID, AddressID, EmailNotification, PhoneNotification, ServicePhoneCalls) values (50, 85, 1, 0, 1);
insert into NotificationPreferences (ID, AddressID, EmailNotification, PhoneNotification, ServicePhoneCalls) values (51, 3, 0, 0, 1);
insert into NotificationPreferences (ID, AddressID, EmailNotification, PhoneNotification, ServicePhoneCalls) values (52, 157, 1, 0, 1);
insert into NotificationPreferences (ID, AddressID, EmailNotification, PhoneNotification, ServicePhoneCalls) values (53, 121, 0, 0, 1);
insert into NotificationPreferences (ID, AddressID, EmailNotification, PhoneNotification, ServicePhoneCalls) values (54, 182, 0, 0, 0);
insert into NotificationPreferences (ID, AddressID, EmailNotification, PhoneNotification, ServicePhoneCalls) values (55, 160, 1, 1, 1);
insert into NotificationPreferences (ID, AddressID, EmailNotification, PhoneNotification, ServicePhoneCalls) values (56, 98, 1, 0, 1);
insert into NotificationPreferences (ID, AddressID, EmailNotification, PhoneNotification, ServicePhoneCalls) values (57, 43, 1, 0, 1);
insert into NotificationPreferences (ID, AddressID, EmailNotification, PhoneNotification, ServicePhoneCalls) values (58, 30, 0, 1, 1);
insert into NotificationPreferences (ID, AddressID, EmailNotification, PhoneNotification, ServicePhoneCalls) values (59, 184, 0, 1, 1);
insert into NotificationPreferences (ID, AddressID, EmailNotification, PhoneNotification, ServicePhoneCalls) values (60, 180, 1, 1, 1);
insert into NotificationPreferences (ID, AddressID, EmailNotification, PhoneNotification, ServicePhoneCalls) values (61, 110, 0, 0, 1);
insert into NotificationPreferences (ID, AddressID, EmailNotification, PhoneNotification, ServicePhoneCalls) values (62, 163, 1, 0, 0);
insert into NotificationPreferences (ID, AddressID, EmailNotification, PhoneNotification, ServicePhoneCalls) values (63, 197, 1, 1, 0);
insert into NotificationPreferences (ID, AddressID, EmailNotification, PhoneNotification, ServicePhoneCalls) values (64, 128, 0, 0, 0);
insert into NotificationPreferences (ID, AddressID, EmailNotification, PhoneNotification, ServicePhoneCalls) values (65, 152, 1, 0, 1);
insert into NotificationPreferences (ID, AddressID, EmailNotification, PhoneNotification, ServicePhoneCalls) values (66, 215, 0, 1, 0);
insert into NotificationPreferences (ID, AddressID, EmailNotification, PhoneNotification, ServicePhoneCalls) values (67, 23, 1, 1, 0);
insert into NotificationPreferences (ID, AddressID, EmailNotification, PhoneNotification, ServicePhoneCalls) values (68, 156, 0, 1, 0);
insert into NotificationPreferences (ID, AddressID, EmailNotification, PhoneNotification, ServicePhoneCalls) values (69, 225, 1, 1, 1);
insert into NotificationPreferences (ID, AddressID, EmailNotification, PhoneNotification, ServicePhoneCalls) values (70, 114, 1, 1, 0);
insert into NotificationPreferences (ID, AddressID, EmailNotification, PhoneNotification, ServicePhoneCalls) values (71, 66, 1, 0, 1);
insert into NotificationPreferences (ID, AddressID, EmailNotification, PhoneNotification, ServicePhoneCalls) values (72, 193, 0, 1, 1);
insert into NotificationPreferences (ID, AddressID, EmailNotification, PhoneNotification, ServicePhoneCalls) values (73, 182, 1, 1, 0);
insert into NotificationPreferences (ID, AddressID, EmailNotification, PhoneNotification, ServicePhoneCalls) values (74, 134, 1, 1, 1);
insert into NotificationPreferences (ID, AddressID, EmailNotification, PhoneNotification, ServicePhoneCalls) values (75, 80, 0, 0, 0);
insert into NotificationPreferences (ID, AddressID, EmailNotification, PhoneNotification, ServicePhoneCalls) values (76, 132, 0, 1, 1);
insert into NotificationPreferences (ID, AddressID, EmailNotification, PhoneNotification, ServicePhoneCalls) values (77, 211, 1, 1, 0);
insert into NotificationPreferences (ID, AddressID, EmailNotification, PhoneNotification, ServicePhoneCalls) values (78, 29, 0, 1, 1);
insert into NotificationPreferences (ID, AddressID, EmailNotification, PhoneNotification, ServicePhoneCalls) values (79, 140, 0, 0, 1);
insert into NotificationPreferences (ID, AddressID, EmailNotification, PhoneNotification, ServicePhoneCalls) values (80, 223, 0, 0, 1);
insert into NotificationPreferences (ID, AddressID, EmailNotification, PhoneNotification, ServicePhoneCalls) values (81, 169, 1, 0, 1);
insert into NotificationPreferences (ID, AddressID, EmailNotification, PhoneNotification, ServicePhoneCalls) values (82, 32, 1, 0, 0);
insert into NotificationPreferences (ID, AddressID, EmailNotification, PhoneNotification, ServicePhoneCalls) values (83, 75, 0, 0, 0);
insert into NotificationPreferences (ID, AddressID, EmailNotification, PhoneNotification, ServicePhoneCalls) values (84, 72, 0, 0, 1);
insert into NotificationPreferences (ID, AddressID, EmailNotification, PhoneNotification, ServicePhoneCalls) values (85, 247, 0, 1, 0);
insert into NotificationPreferences (ID, AddressID, EmailNotification, PhoneNotification, ServicePhoneCalls) values (86, 17, 0, 1, 0);
insert into NotificationPreferences (ID, AddressID, EmailNotification, PhoneNotification, ServicePhoneCalls) values (87, 135, 0, 0, 1);
insert into NotificationPreferences (ID, AddressID, EmailNotification, PhoneNotification, ServicePhoneCalls) values (88, 169, 1, 0, 0);
insert into NotificationPreferences (ID, AddressID, EmailNotification, PhoneNotification, ServicePhoneCalls) values (89, 112, 1, 0, 0);
insert into NotificationPreferences (ID, AddressID, EmailNotification, PhoneNotification, ServicePhoneCalls) values (90, 117, 1, 1, 1);
insert into NotificationPreferences (ID, AddressID, EmailNotification, PhoneNotification, ServicePhoneCalls) values (91, 121, 0, 1, 1);
insert into NotificationPreferences (ID, AddressID, EmailNotification, PhoneNotification, ServicePhoneCalls) values (92, 242, 1, 0, 1);
insert into NotificationPreferences (ID, AddressID, EmailNotification, PhoneNotification, ServicePhoneCalls) values (93, 64, 0, 1, 0);
insert into NotificationPreferences (ID, AddressID, EmailNotification, PhoneNotification, ServicePhoneCalls) values (94, 188, 1, 0, 0);
insert into NotificationPreferences (ID, AddressID, EmailNotification, PhoneNotification, ServicePhoneCalls) values (95, 188, 1, 0, 0);
insert into NotificationPreferences (ID, AddressID, EmailNotification, PhoneNotification, ServicePhoneCalls) values (96, 143, 0, 0, 1);
insert into NotificationPreferences (ID, AddressID, EmailNotification, PhoneNotification, ServicePhoneCalls) values (97, 233, 0, 0, 0);
insert into NotificationPreferences (ID, AddressID, EmailNotification, PhoneNotification, ServicePhoneCalls) values (98, 166, 1, 1, 1);
insert into NotificationPreferences (ID, AddressID, EmailNotification, PhoneNotification, ServicePhoneCalls) values (99, 124, 1, 1, 0);
insert into NotificationPreferences (ID, AddressID, EmailNotification, PhoneNotification, ServicePhoneCalls) values (100, 6, 0, 0, 0);
insert into NotificationPreferences (ID, AddressID, EmailNotification, PhoneNotification, ServicePhoneCalls) values (101, 143, 0, 0, 0);
insert into NotificationPreferences (ID, AddressID, EmailNotification, PhoneNotification, ServicePhoneCalls) values (102, 38, 0, 0, 1);
insert into NotificationPreferences (ID, AddressID, EmailNotification, PhoneNotification, ServicePhoneCalls) values (103, 196, 1, 0, 0);
insert into NotificationPreferences (ID, AddressID, EmailNotification, PhoneNotification, ServicePhoneCalls) values (104, 243, 0, 1, 1);
insert into NotificationPreferences (ID, AddressID, EmailNotification, PhoneNotification, ServicePhoneCalls) values (105, 108, 0, 1, 0);
insert into NotificationPreferences (ID, AddressID, EmailNotification, PhoneNotification, ServicePhoneCalls) values (106, 87, 1, 1, 1);
insert into NotificationPreferences (ID, AddressID, EmailNotification, PhoneNotification, ServicePhoneCalls) values (107, 161, 1, 0, 1);
insert into NotificationPreferences (ID, AddressID, EmailNotification, PhoneNotification, ServicePhoneCalls) values (108, 25, 1, 0, 1);
insert into NotificationPreferences (ID, AddressID, EmailNotification, PhoneNotification, ServicePhoneCalls) values (109, 240, 0, 1, 1);
insert into NotificationPreferences (ID, AddressID, EmailNotification, PhoneNotification, ServicePhoneCalls) values (110, 210, 0, 1, 0);
insert into NotificationPreferences (ID, AddressID, EmailNotification, PhoneNotification, ServicePhoneCalls) values (111, 118, 0, 1, 1);
insert into NotificationPreferences (ID, AddressID, EmailNotification, PhoneNotification, ServicePhoneCalls) values (112, 50, 0, 0, 0);
insert into NotificationPreferences (ID, AddressID, EmailNotification, PhoneNotification, ServicePhoneCalls) values (113, 144, 0, 0, 0);
insert into NotificationPreferences (ID, AddressID, EmailNotification, PhoneNotification, ServicePhoneCalls) values (114, 173, 1, 1, 0);
insert into NotificationPreferences (ID, AddressID, EmailNotification, PhoneNotification, ServicePhoneCalls) values (115, 80, 0, 0, 1);
insert into NotificationPreferences (ID, AddressID, EmailNotification, PhoneNotification, ServicePhoneCalls) values (116, 19, 1, 1, 0);
insert into NotificationPreferences (ID, AddressID, EmailNotification, PhoneNotification, ServicePhoneCalls) values (117, 201, 0, 0, 0);
insert into NotificationPreferences (ID, AddressID, EmailNotification, PhoneNotification, ServicePhoneCalls) values (118, 247, 1, 0, 0);
insert into NotificationPreferences (ID, AddressID, EmailNotification, PhoneNotification, ServicePhoneCalls) values (119, 51, 1, 1, 1);
insert into NotificationPreferences (ID, AddressID, EmailNotification, PhoneNotification, ServicePhoneCalls) values (120, 194, 0, 1, 0);
insert into NotificationPreferences (ID, AddressID, EmailNotification, PhoneNotification, ServicePhoneCalls) values (121, 241, 1, 1, 1);
insert into NotificationPreferences (ID, AddressID, EmailNotification, PhoneNotification, ServicePhoneCalls) values (122, 215, 0, 1, 1);
insert into NotificationPreferences (ID, AddressID, EmailNotification, PhoneNotification, ServicePhoneCalls) values (123, 35, 1, 0, 1);
insert into NotificationPreferences (ID, AddressID, EmailNotification, PhoneNotification, ServicePhoneCalls) values (124, 117, 1, 1, 0);
insert into NotificationPreferences (ID, AddressID, EmailNotification, PhoneNotification, ServicePhoneCalls) values (125, 94, 0, 1, 0);
insert into NotificationPreferences (ID, AddressID, EmailNotification, PhoneNotification, ServicePhoneCalls) values (126, 66, 0, 0, 1);
insert into NotificationPreferences (ID, AddressID, EmailNotification, PhoneNotification, ServicePhoneCalls) values (127, 179, 0, 1, 0);
insert into NotificationPreferences (ID, AddressID, EmailNotification, PhoneNotification, ServicePhoneCalls) values (128, 46, 0, 1, 1);
insert into NotificationPreferences (ID, AddressID, EmailNotification, PhoneNotification, ServicePhoneCalls) values (129, 37, 0, 0, 1);
insert into NotificationPreferences (ID, AddressID, EmailNotification, PhoneNotification, ServicePhoneCalls) values (130, 192, 0, 0, 1);
insert into NotificationPreferences (ID, AddressID, EmailNotification, PhoneNotification, ServicePhoneCalls) values (131, 108, 1, 0, 0);
insert into NotificationPreferences (ID, AddressID, EmailNotification, PhoneNotification, ServicePhoneCalls) values (132, 52, 0, 0, 0);
insert into NotificationPreferences (ID, AddressID, EmailNotification, PhoneNotification, ServicePhoneCalls) values (133, 29, 0, 0, 1);
insert into NotificationPreferences (ID, AddressID, EmailNotification, PhoneNotification, ServicePhoneCalls) values (134, 176, 1, 1, 1);
insert into NotificationPreferences (ID, AddressID, EmailNotification, PhoneNotification, ServicePhoneCalls) values (135, 131, 0, 1, 1);
insert into NotificationPreferences (ID, AddressID, EmailNotification, PhoneNotification, ServicePhoneCalls) values (136, 248, 0, 0, 1);
insert into NotificationPreferences (ID, AddressID, EmailNotification, PhoneNotification, ServicePhoneCalls) values (137, 138, 1, 1, 1);
insert into NotificationPreferences (ID, AddressID, EmailNotification, PhoneNotification, ServicePhoneCalls) values (138, 118, 1, 0, 0);
insert into NotificationPreferences (ID, AddressID, EmailNotification, PhoneNotification, ServicePhoneCalls) values (139, 58, 0, 0, 0);
insert into NotificationPreferences (ID, AddressID, EmailNotification, PhoneNotification, ServicePhoneCalls) values (140, 238, 1, 1, 0);
insert into NotificationPreferences (ID, AddressID, EmailNotification, PhoneNotification, ServicePhoneCalls) values (141, 52, 0, 1, 0);
insert into NotificationPreferences (ID, AddressID, EmailNotification, PhoneNotification, ServicePhoneCalls) values (142, 28, 1, 1, 0);
insert into NotificationPreferences (ID, AddressID, EmailNotification, PhoneNotification, ServicePhoneCalls) values (143, 59, 0, 0, 1);
insert into NotificationPreferences (ID, AddressID, EmailNotification, PhoneNotification, ServicePhoneCalls) values (144, 60, 0, 0, 1);
insert into NotificationPreferences (ID, AddressID, EmailNotification, PhoneNotification, ServicePhoneCalls) values (145, 250, 0, 1, 0);
insert into NotificationPreferences (ID, AddressID, EmailNotification, PhoneNotification, ServicePhoneCalls) values (146, 164, 0, 1, 0);
insert into NotificationPreferences (ID, AddressID, EmailNotification, PhoneNotification, ServicePhoneCalls) values (147, 153, 0, 0, 1);
insert into NotificationPreferences (ID, AddressID, EmailNotification, PhoneNotification, ServicePhoneCalls) values (148, 44, 1, 1, 0);
insert into NotificationPreferences (ID, AddressID, EmailNotification, PhoneNotification, ServicePhoneCalls) values (149, 128, 0, 1, 1);
insert into NotificationPreferences (ID, AddressID, EmailNotification, PhoneNotification, ServicePhoneCalls) values (150, 16, 0, 1, 1);
insert into NotificationPreferences (ID, AddressID, EmailNotification, PhoneNotification, ServicePhoneCalls) values (151, 43, 0, 1, 0);
insert into NotificationPreferences (ID, AddressID, EmailNotification, PhoneNotification, ServicePhoneCalls) values (152, 70, 0, 0, 1);
insert into NotificationPreferences (ID, AddressID, EmailNotification, PhoneNotification, ServicePhoneCalls) values (153, 15, 1, 0, 1);
insert into NotificationPreferences (ID, AddressID, EmailNotification, PhoneNotification, ServicePhoneCalls) values (154, 137, 1, 0, 0);
insert into NotificationPreferences (ID, AddressID, EmailNotification, PhoneNotification, ServicePhoneCalls) values (155, 171, 1, 0, 0);
insert into NotificationPreferences (ID, AddressID, EmailNotification, PhoneNotification, ServicePhoneCalls) values (156, 46, 0, 1, 0);
insert into NotificationPreferences (ID, AddressID, EmailNotification, PhoneNotification, ServicePhoneCalls) values (157, 51, 1, 1, 0);
insert into NotificationPreferences (ID, AddressID, EmailNotification, PhoneNotification, ServicePhoneCalls) values (158, 16, 0, 0, 1);
insert into NotificationPreferences (ID, AddressID, EmailNotification, PhoneNotification, ServicePhoneCalls) values (159, 180, 0, 0, 1);
insert into NotificationPreferences (ID, AddressID, EmailNotification, PhoneNotification, ServicePhoneCalls) values (160, 222, 0, 0, 1);
insert into NotificationPreferences (ID, AddressID, EmailNotification, PhoneNotification, ServicePhoneCalls) values (161, 58, 1, 0, 0);
insert into NotificationPreferences (ID, AddressID, EmailNotification, PhoneNotification, ServicePhoneCalls) values (162, 189, 1, 1, 0);
insert into NotificationPreferences (ID, AddressID, EmailNotification, PhoneNotification, ServicePhoneCalls) values (163, 135, 0, 0, 0);
insert into NotificationPreferences (ID, AddressID, EmailNotification, PhoneNotification, ServicePhoneCalls) values (164, 62, 1, 0, 1);
insert into NotificationPreferences (ID, AddressID, EmailNotification, PhoneNotification, ServicePhoneCalls) values (165, 61, 1, 0, 0);
insert into NotificationPreferences (ID, AddressID, EmailNotification, PhoneNotification, ServicePhoneCalls) values (166, 232, 1, 1, 0);
insert into NotificationPreferences (ID, AddressID, EmailNotification, PhoneNotification, ServicePhoneCalls) values (167, 239, 0, 1, 1);
insert into NotificationPreferences (ID, AddressID, EmailNotification, PhoneNotification, ServicePhoneCalls) values (168, 72, 1, 0, 1);
insert into NotificationPreferences (ID, AddressID, EmailNotification, PhoneNotification, ServicePhoneCalls) values (169, 51, 0, 1, 0);
insert into NotificationPreferences (ID, AddressID, EmailNotification, PhoneNotification, ServicePhoneCalls) values (170, 133, 0, 1, 0);
insert into NotificationPreferences (ID, AddressID, EmailNotification, PhoneNotification, ServicePhoneCalls) values (171, 7, 1, 0, 1);
insert into NotificationPreferences (ID, AddressID, EmailNotification, PhoneNotification, ServicePhoneCalls) values (172, 34, 1, 0, 1);
insert into NotificationPreferences (ID, AddressID, EmailNotification, PhoneNotification, ServicePhoneCalls) values (173, 31, 1, 0, 0);
insert into NotificationPreferences (ID, AddressID, EmailNotification, PhoneNotification, ServicePhoneCalls) values (174, 113, 0, 0, 0);
insert into NotificationPreferences (ID, AddressID, EmailNotification, PhoneNotification, ServicePhoneCalls) values (175, 53, 0, 0, 1);
insert into NotificationPreferences (ID, AddressID, EmailNotification, PhoneNotification, ServicePhoneCalls) values (176, 149, 1, 1, 0);
insert into NotificationPreferences (ID, AddressID, EmailNotification, PhoneNotification, ServicePhoneCalls) values (177, 237, 1, 0, 1);
insert into NotificationPreferences (ID, AddressID, EmailNotification, PhoneNotification, ServicePhoneCalls) values (178, 32, 1, 1, 0);
insert into NotificationPreferences (ID, AddressID, EmailNotification, PhoneNotification, ServicePhoneCalls) values (179, 85, 1, 0, 1);
insert into NotificationPreferences (ID, AddressID, EmailNotification, PhoneNotification, ServicePhoneCalls) values (180, 240, 0, 0, 0);
insert into NotificationPreferences (ID, AddressID, EmailNotification, PhoneNotification, ServicePhoneCalls) values (181, 84, 1, 1, 0);
insert into NotificationPreferences (ID, AddressID, EmailNotification, PhoneNotification, ServicePhoneCalls) values (182, 155, 0, 1, 1);
insert into NotificationPreferences (ID, AddressID, EmailNotification, PhoneNotification, ServicePhoneCalls) values (183, 141, 1, 1, 0);
insert into NotificationPreferences (ID, AddressID, EmailNotification, PhoneNotification, ServicePhoneCalls) values (184, 227, 0, 0, 0);
insert into NotificationPreferences (ID, AddressID, EmailNotification, PhoneNotification, ServicePhoneCalls) values (185, 203, 0, 1, 0);
insert into NotificationPreferences (ID, AddressID, EmailNotification, PhoneNotification, ServicePhoneCalls) values (186, 182, 1, 0, 0);
insert into NotificationPreferences (ID, AddressID, EmailNotification, PhoneNotification, ServicePhoneCalls) values (187, 148, 1, 1, 1);
insert into NotificationPreferences (ID, AddressID, EmailNotification, PhoneNotification, ServicePhoneCalls) values (188, 18, 0, 1, 1);
insert into NotificationPreferences (ID, AddressID, EmailNotification, PhoneNotification, ServicePhoneCalls) values (189, 203, 1, 1, 0);
insert into NotificationPreferences (ID, AddressID, EmailNotification, PhoneNotification, ServicePhoneCalls) values (190, 194, 0, 0, 0);
insert into NotificationPreferences (ID, AddressID, EmailNotification, PhoneNotification, ServicePhoneCalls) values (191, 221, 0, 1, 1);
insert into NotificationPreferences (ID, AddressID, EmailNotification, PhoneNotification, ServicePhoneCalls) values (192, 63, 1, 0, 0);
insert into NotificationPreferences (ID, AddressID, EmailNotification, PhoneNotification, ServicePhoneCalls) values (193, 51, 1, 0, 1);
insert into NotificationPreferences (ID, AddressID, EmailNotification, PhoneNotification, ServicePhoneCalls) values (194, 180, 0, 0, 1);
insert into NotificationPreferences (ID, AddressID, EmailNotification, PhoneNotification, ServicePhoneCalls) values (195, 17, 0, 0, 0);
insert into NotificationPreferences (ID, AddressID, EmailNotification, PhoneNotification, ServicePhoneCalls) values (196, 224, 1, 1, 1);
insert into NotificationPreferences (ID, AddressID, EmailNotification, PhoneNotification, ServicePhoneCalls) values (197, 39, 1, 0, 0);
insert into NotificationPreferences (ID, AddressID, EmailNotification, PhoneNotification, ServicePhoneCalls) values (198, 33, 0, 0, 1);
insert into NotificationPreferences (ID, AddressID, EmailNotification, PhoneNotification, ServicePhoneCalls) values (199, 50, 1, 1, 1);
insert into NotificationPreferences (ID, AddressID, EmailNotification, PhoneNotification, ServicePhoneCalls) values (200, 189, 0, 0, 0);
insert into NotificationPreferences (ID, AddressID, EmailNotification, PhoneNotification, ServicePhoneCalls) values (201, 206, 0, 0, 0);
insert into NotificationPreferences (ID, AddressID, EmailNotification, PhoneNotification, ServicePhoneCalls) values (202, 198, 0, 1, 0);
insert into NotificationPreferences (ID, AddressID, EmailNotification, PhoneNotification, ServicePhoneCalls) values (203, 133, 0, 1, 1);
insert into NotificationPreferences (ID, AddressID, EmailNotification, PhoneNotification, ServicePhoneCalls) values (204, 6, 1, 0, 1);
insert into NotificationPreferences (ID, AddressID, EmailNotification, PhoneNotification, ServicePhoneCalls) values (205, 195, 1, 0, 0);
insert into NotificationPreferences (ID, AddressID, EmailNotification, PhoneNotification, ServicePhoneCalls) values (206, 104, 0, 1, 0);
insert into NotificationPreferences (ID, AddressID, EmailNotification, PhoneNotification, ServicePhoneCalls) values (207, 123, 1, 0, 1);
insert into NotificationPreferences (ID, AddressID, EmailNotification, PhoneNotification, ServicePhoneCalls) values (208, 21, 1, 0, 0);
insert into NotificationPreferences (ID, AddressID, EmailNotification, PhoneNotification, ServicePhoneCalls) values (209, 9, 0, 0, 0);
insert into NotificationPreferences (ID, AddressID, EmailNotification, PhoneNotification, ServicePhoneCalls) values (210, 242, 1, 0, 0);
insert into NotificationPreferences (ID, AddressID, EmailNotification, PhoneNotification, ServicePhoneCalls) values (211, 181, 0, 0, 0);
insert into NotificationPreferences (ID, AddressID, EmailNotification, PhoneNotification, ServicePhoneCalls) values (212, 73, 0, 0, 0);
insert into NotificationPreferences (ID, AddressID, EmailNotification, PhoneNotification, ServicePhoneCalls) values (213, 213, 0, 0, 1);
insert into NotificationPreferences (ID, AddressID, EmailNotification, PhoneNotification, ServicePhoneCalls) values (214, 43, 1, 0, 1);
insert into NotificationPreferences (ID, AddressID, EmailNotification, PhoneNotification, ServicePhoneCalls) values (215, 154, 1, 1, 1);
insert into NotificationPreferences (ID, AddressID, EmailNotification, PhoneNotification, ServicePhoneCalls) values (216, 30, 1, 0, 0);
insert into NotificationPreferences (ID, AddressID, EmailNotification, PhoneNotification, ServicePhoneCalls) values (217, 198, 0, 1, 0);
insert into NotificationPreferences (ID, AddressID, EmailNotification, PhoneNotification, ServicePhoneCalls) values (218, 6, 1, 0, 0);
insert into NotificationPreferences (ID, AddressID, EmailNotification, PhoneNotification, ServicePhoneCalls) values (219, 172, 0, 0, 1);
insert into NotificationPreferences (ID, AddressID, EmailNotification, PhoneNotification, ServicePhoneCalls) values (220, 178, 1, 1, 0);
insert into NotificationPreferences (ID, AddressID, EmailNotification, PhoneNotification, ServicePhoneCalls) values (221, 166, 0, 1, 1);
insert into NotificationPreferences (ID, AddressID, EmailNotification, PhoneNotification, ServicePhoneCalls) values (222, 89, 1, 0, 1);
insert into NotificationPreferences (ID, AddressID, EmailNotification, PhoneNotification, ServicePhoneCalls) values (223, 175, 0, 1, 0);
insert into NotificationPreferences (ID, AddressID, EmailNotification, PhoneNotification, ServicePhoneCalls) values (224, 59, 0, 1, 1);
insert into NotificationPreferences (ID, AddressID, EmailNotification, PhoneNotification, ServicePhoneCalls) values (225, 80, 0, 0, 0);
insert into NotificationPreferences (ID, AddressID, EmailNotification, PhoneNotification, ServicePhoneCalls) values (226, 11, 0, 0, 1);
insert into NotificationPreferences (ID, AddressID, EmailNotification, PhoneNotification, ServicePhoneCalls) values (227, 141, 0, 1, 0);
insert into NotificationPreferences (ID, AddressID, EmailNotification, PhoneNotification, ServicePhoneCalls) values (228, 60, 0, 0, 1);
insert into NotificationPreferences (ID, AddressID, EmailNotification, PhoneNotification, ServicePhoneCalls) values (229, 46, 1, 0, 1);
insert into NotificationPreferences (ID, AddressID, EmailNotification, PhoneNotification, ServicePhoneCalls) values (230, 203, 1, 1, 1);
insert into NotificationPreferences (ID, AddressID, EmailNotification, PhoneNotification, ServicePhoneCalls) values (231, 3, 0, 1, 0);
insert into NotificationPreferences (ID, AddressID, EmailNotification, PhoneNotification, ServicePhoneCalls) values (232, 161, 1, 1, 1);
insert into NotificationPreferences (ID, AddressID, EmailNotification, PhoneNotification, ServicePhoneCalls) values (233, 230, 1, 1, 1);
insert into NotificationPreferences (ID, AddressID, EmailNotification, PhoneNotification, ServicePhoneCalls) values (234, 161, 0, 1, 1);
insert into NotificationPreferences (ID, AddressID, EmailNotification, PhoneNotification, ServicePhoneCalls) values (235, 244, 0, 1, 1);
insert into NotificationPreferences (ID, AddressID, EmailNotification, PhoneNotification, ServicePhoneCalls) values (236, 54, 1, 0, 0);
insert into NotificationPreferences (ID, AddressID, EmailNotification, PhoneNotification, ServicePhoneCalls) values (237, 11, 0, 0, 1);
insert into NotificationPreferences (ID, AddressID, EmailNotification, PhoneNotification, ServicePhoneCalls) values (238, 6, 0, 1, 0);
insert into NotificationPreferences (ID, AddressID, EmailNotification, PhoneNotification, ServicePhoneCalls) values (239, 49, 0, 1, 1);
insert into NotificationPreferences (ID, AddressID, EmailNotification, PhoneNotification, ServicePhoneCalls) values (240, 19, 1, 1, 0);
insert into NotificationPreferences (ID, AddressID, EmailNotification, PhoneNotification, ServicePhoneCalls) values (241, 204, 1, 0, 1);
insert into NotificationPreferences (ID, AddressID, EmailNotification, PhoneNotification, ServicePhoneCalls) values (242, 166, 1, 0, 1);
insert into NotificationPreferences (ID, AddressID, EmailNotification, PhoneNotification, ServicePhoneCalls) values (243, 189, 1, 1, 1);
insert into NotificationPreferences (ID, AddressID, EmailNotification, PhoneNotification, ServicePhoneCalls) values (244, 155, 0, 1, 1);
insert into NotificationPreferences (ID, AddressID, EmailNotification, PhoneNotification, ServicePhoneCalls) values (245, 45, 0, 0, 0);
insert into NotificationPreferences (ID, AddressID, EmailNotification, PhoneNotification, ServicePhoneCalls) values (246, 164, 0, 1, 0);
insert into NotificationPreferences (ID, AddressID, EmailNotification, PhoneNotification, ServicePhoneCalls) values (247, 95, 1, 1, 0);
insert into NotificationPreferences (ID, AddressID, EmailNotification, PhoneNotification, ServicePhoneCalls) values (248, 4, 1, 1, 1);
insert into NotificationPreferences (ID, AddressID, EmailNotification, PhoneNotification, ServicePhoneCalls) values (249, 32, 0, 0, 1);
insert into NotificationPreferences (ID, AddressID, EmailNotification, PhoneNotification, ServicePhoneCalls) values (250, 179, 1, 0, 0);



